https://www.fieldandstream.com/pages/homeowner-uses-christmas-deer-rifle-nab-suspect/;https://www.fieldandstream.com/guns/best-deer-rifles-for-big-woods/
https://www.fieldandstream.com/blogs/whitetail-365/2012/01/deer-rifle-vs-tv-what-show-would-you-shoot/;https://www.fieldandstream.com/guns/best-deer-rifles-for-big-woods/
https://www.fieldandstream.com/blogs/gun-nuts/2014/02/gunfight-friday-semiauto-deer-rifles/;https://www.fieldandstream.com/guns/best-deer-rifles-for-big-woods/
https://www.fieldandstream.com/articles/hunting/2015/05/ask-petzal-dinosaurs-suppressors-and-a-375-hh-deer-rifle/;https://www.fieldandstream.com/guns/best-deer-rifles-for-big-woods/
https://www.fieldandstream.com/blogs/the-gun-nuts/gunfight-friday-custom-deer-rifles/;https://www.fieldandstream.com/guns/best-deer-rifles-for-big-woods/
https://www.fieldandstream.com/blogs/the-gun-nuts/gunfight-friday-old-school-deer-rifles/;https://www.fieldandstream.com/guns/best-deer-rifles-for-big-woods/
https://www.fieldandstream.com/blogs/deer-hunting-season/2011/02/pennsylvania-may-change-date-deer-rifle-season-opener/;https://www.fieldandstream.com/guns/best-deer-rifles-for-big-woods/
https://www.fieldandstream.com/light-great-deer-rifle/;https://www.fieldandstream.com/guns/best-deer-rifles-for-big-woods/
https://www.fieldandstream.com/articles/guns/2002/05/five-classic-deer-rifles/;https://www.fieldandstream.com/guns/best-deer-rifles-for-big-woods/
https://www.fieldandstream.com/articles/hunting/2002/01/five-classic-deer-rifles/;https://www.fieldandstream.com/guns/best-deer-rifles-for-big-woods/
https://www.fieldandstream.com/articles/guns/2002/01/five-classic-deer-rifles-0/;https://www.fieldandstream.com/guns/best-deer-rifles-for-big-woods/
https://www.fieldandstream.com/articles/guns/2002/01/five-classic-deer-rifles/;https://www.fieldandstream.com/guns/best-deer-rifles-for-big-woods/
https://www.fieldandstream.com/blogs/gun-nut/2009/10/bourjaily-eats-crow-light-shotguns-can-be-great-waterfowl/;https://www.fieldandstream.com/guns/best-shotguns/
https://www.fieldandstream.com/articles/hunting/2015/10/switch-hit-how-to-transition-between-your-deer-rifle-and-grouse-shotgun/;https://www.fieldandstream.com/guns/best-shotguns/
https://www.fieldandstream.com/blogs/whitetail-365/2014/04/marchish-madness-announcing-deer-shotgun-champ/;https://www.fieldandstream.com/guns/best-shotguns/
https://www.fieldandstream.com/pages/discussion-topic-are-shotguns-really-safer-during-deer-season/;https://www.fieldandstream.com/guns/best-shotguns/
https://www.fieldandstream.com/blogs/hunting/2010/03/bourjaily-north-american-shotgun-battery/;https://www.fieldandstream.com/guns/best-shotguns/
https://www.fieldandstream.com/articles/hunting/1999/12/galco-canvas-shotgun-slip/;https://www.fieldandstream.com/guns/best-shotguns/
https://www.fieldandstream.com/articles/hunting/1999/12/mossbergs-ofm-woodland-model-500-12-gauge-shotgun/;https://www.fieldandstream.com/guns/best-shotguns/
https://www.fieldandstream.com/articles/hunting/1999/12/easy-hit-incs-fiber-optic-shotgun/;https://www.fieldandstream.com/guns/best-shotguns/
https://www.fieldandstream.com/blogs/hunting/2010/10/how-make-golf-interesting-add-beautiful-shotgun/;https://www.fieldandstream.com/guns/best-shotguns/
https://www.fieldandstream.com/articles/hunting/2007/01/new-shotguns-2007-shot-show/;https://www.fieldandstream.com/guns/best-shotguns/
https://www.fieldandstream.com/articles/hunting/2007/11/50-best-shotguns-ever-made/;https://www.fieldandstream.com/guns/best-shotguns/
https://www.fieldandstream.com/articles/hunting/2008/02/10-new-shotguns-2008-shot-show/;https://www.fieldandstream.com/guns/best-shotguns/
https://www.fieldandstream.com/blogs/whitetail-365/2014/04/march-madness-final-four-whitetail-shotguns/;https://www.fieldandstream.com/guns/best-shotguns/
https://www.fieldandstream.com/blogs/gun-nuts/2013/05/shotgun-tip-read-manual/;https://www.fieldandstream.com/guns/best-shotguns/
https://www.fieldandstream.com/blogs/whitetail-365/2014/01/how-sharpen-broadhead/;https://www.fieldandstream.com/how-to-keep-sharpest-edges-on-broadheads/
https://www.fieldandstream.com/articles/hunting/deer-hunting/finding-deer-hunt/2012/10/how-tan-deer-hide-your-bathroom-less-30/;https://www.fieldandstream.com/how-to-tan-a-deer-hide/
https://www.fieldandstream.com/merwin-latest-in-baitcasting/;https://www.fieldandstream.com/outdoor-gear/best-baitcasting-reels/
https://www.fieldandstream.com/articles/fishing/2013/03/best-baitcasting-gear-field-streams-2013-best-best-awards/;https://www.fieldandstream.com/outdoor-gear/best-baitcasting-reels/
https://www.fieldandstream.com/blogs/the-lateral-line/why-you-should-use-two-hands-when-baitcasting/;https://www.fieldandstream.com/outdoor-gear/best-baitcasting-reels/
https://www.fieldandstream.com/photos/gallery/kentucky/2007/04/2007-fishing-gear-buyers-guide-baitcasting-gear/;https://www.fieldandstream.com/outdoor-gear/best-baitcasting-reels/
https://www.fieldandstream.com/articles/fishing/trout/how-fish/2006/03/how-properly-hold-baitcasting-rod/;https://www.fieldandstream.com/outdoor-gear/best-baitcasting-reels/
https://www.fieldandstream.com/blogs/bass-fishing/2010/04/merwin-getting-tune-your-baitcasting-reel/;https://www.fieldandstream.com/outdoor-gear/best-baitcasting-reels/
https://www.fieldandstream.com/articles/gear/fishing-gear/2010/06/john-merwin-best-new-baitcasting-reel-2010-so-far/;https://www.fieldandstream.com/outdoor-gear/best-baitcasting-reels/
https://www.fieldandstream.com/articles/gear/2007/04/2007-fishing-gear-buyers-guide-baitcasting-gear/;https://www.fieldandstream.com/outdoor-gear/best-baitcasting-reels/
https://www.fieldandstream.com/articles/ishot-business/i-magazine/2007/04/2007-fishing-gear-buyers-guide-baitcasting-gear/;https://www.fieldandstream.com/outdoor-gear/best-baitcasting-reels/
https://www.fieldandstream.com/story/outdoor-gear/things-you-need-to-be-a-camp-cook/;https://www.fieldandstream.com/outdoor-gear/best-camping-stove/
https://www.fieldandstream.com/best-buck-broadheads/;https://www.fieldandstream.com/outdoor-gear/best-compound-bow-broadheads/
https://www.fieldandstream.com/pages/hunter-finds-broadhead-bucks-head/;https://www.fieldandstream.com/outdoor-gear/best-compound-bow-broadheads/
https://www.fieldandstream.com/photos/gallery/kentucky/2006/07/best-broadheads-2006/;https://www.fieldandstream.com/outdoor-gear/best-compound-bow-broadheads/
https://www.fieldandstream.com/articles/hunting/whitetails/2006/07/best-broadheads-2006/;https://www.fieldandstream.com/outdoor-gear/best-compound-bow-broadheads/
https://www.fieldandstream.com/articles/hunting/1999/12/zwickey-black-diamond-eskimo-broadheads/;https://www.fieldandstream.com/outdoor-gear/best-compound-bow-broadheads/
https://www.fieldandstream.com/articles/hunting/whitetails/1999/12/muzzy-360-broadhead/;https://www.fieldandstream.com/outdoor-gear/best-compound-bow-broadheads/
https://www.fieldandstream.com/articles/hunting/big-game/2006/07/best-broadheads-2006/;https://www.fieldandstream.com/outdoor-gear/best-compound-bow-broadheads/
https://www.fieldandstream.com/blogs/whitetail-365/2009/01/pennsylvania-crossbow-vote-toss/;https://www.fieldandstream.com/outdoor-gear/best-crossbow/
https://www.fieldandstream.com/blogs/field-notes/2011/08/ipod-ipad-smuggling-crossbow/;https://www.fieldandstream.com/outdoor-gear/best-crossbow/
https://www.fieldandstream.com/pennsylvania-considers-crossbows-for-archery-season/;https://www.fieldandstream.com/outdoor-gear/best-crossbow/
https://www.fieldandstream.com/blogs/generation-wild/2008/05/skeptics-guide-crossbows/;https://www.fieldandstream.com/outdoor-gear/best-crossbow/
https://www.fieldandstream.com/pages/discussion-topic-crossbows-seniors/;https://www.fieldandstream.com/outdoor-gear/best-crossbow/
https://www.fieldandstream.com/blogs/field-notes/2012/03/nj-hunter-arrested-hunting-geese-drunk-crossbow/;https://www.fieldandstream.com/outdoor-gear/best-crossbow/
https://www.fieldandstream.com/blogs/field-notes/2012/03/michigan-anglers-could-fish-crossbow-if-bill-passes/;https://www.fieldandstream.com/outdoor-gear/best-crossbow/
https://www.fieldandstream.com/blogs/a-sportsmans-life/the-crossbow-conundrum/;https://www.fieldandstream.com/outdoor-gear/best-crossbow/
https://www.fieldandstream.com/blogs/whitetail-365/crossbows-the-new-york-solution/;https://www.fieldandstream.com/outdoor-gear/best-crossbow/
https://www.fieldandstream.com/blogs/a-sportsmans-life/crossbows-mean-more-time-to-hunt-or-to-learn-sanskrit/;https://www.fieldandstream.com/outdoor-gear/best-crossbow/
https://www.fieldandstream.com/blogs/field-notes/west-virginia-and-vermont-may-change-archery-seasons-to-accommodate-crossbow/;https://www.fieldandstream.com/outdoor-gear/best-crossbow/
https://www.fieldandstream.com/blogs/field-notes/wyoming-bull-is-largest-ever-shot-with-a-crossbow-according-to-sci/;https://www.fieldandstream.com/outdoor-gear/best-crossbow/
https://www.fieldandstream.com/pages/great-crossbow-debate/;https://www.fieldandstream.com/outdoor-gear/best-crossbow/
https://www.fieldandstream.com/pages/discussion-topic-should-crossbows-be-legal-archery-seasons/;https://www.fieldandstream.com/outdoor-gear/best-crossbow/
https://www.fieldandstream.com/photos/gallery/hunting/2012/10/readers-test-4-crossbows-whole-season/;https://www.fieldandstream.com/outdoor-gear/best-crossbow/
https://www.fieldandstream.com/pages/arkansas-drunk-driver-shoots-crossbow-motorist/;https://www.fieldandstream.com/outdoor-gear/best-crossbow/
https://www.fieldandstream.com/blogs/gun-nuts/2011/06/video-six-shot-crossbow-slingshot/;https://www.fieldandstream.com/outdoor-gear/best-crossbow/
https://www.fieldandstream.com/blogs/field-notes/2011/04/video-mini-crossbow-shoots-flaming-mini-crossbow-bolts/;https://www.fieldandstream.com/outdoor-gear/best-crossbow/
https://www.fieldandstream.com/photos/gallery/hunting/deer-hunting/2011/03/crossbow-record-buck-wisconsin-disabled-hunter-golf/;https://www.fieldandstream.com/outdoor-gear/best-crossbow/
https://www.fieldandstream.com/articles/hunting/2005/01/crossbow-crossfire/;https://www.fieldandstream.com/outdoor-gear/best-crossbow/
https://www.fieldandstream.com/story/outdoor-gear/food-dehydrators-make-delicious-snacks/;https://www.fieldandstream.com/outdoor-gear/best-dehydrators-for-jerky/
https://www.fieldandstream.com/fathers-day-bass-fishing-gifts/;https://www.fieldandstream.com/outdoor-gear/best-fathers-day-gifts/
https://www.fieldandstream.com/photos/gallery/hunting/2011/05/leatherman-fathers-day-gifts-hunting-fishing/;https://www.fieldandstream.com/outdoor-gear/best-fathers-day-gifts/
https://www.fieldandstream.com/photos/gallery/hunting/2012/06/fathers-day-gift-guide/;https://www.fieldandstream.com/outdoor-gear/best-fathers-day-gifts/
https://www.fieldandstream.com/fathers-day-bowhunting-gifts/;https://www.fieldandstream.com/outdoor-gear/best-fathers-day-gifts/
https://www.fieldandstream.com/blogs/flytalk/2009/06/fathers-day-gift-idea/;https://www.fieldandstream.com/outdoor-gear/best-fathers-day-gifts/
https://www.fieldandstream.com/photos/gallery/kentucky/2008/06/game-faces-special-fathers-day-contest-edition/;https://www.fieldandstream.com/outdoor-gear/best-fathers-day-gifts/
https://www.fieldandstream.com/fathers-day-photo-contest/;https://www.fieldandstream.com/outdoor-gear/best-fathers-day-gifts/
https://www.fieldandstream.com/fathers-day-shooting-gift-for-dad/;https://www.fieldandstream.com/outdoor-gear/best-fathers-day-gifts/
https://www.fieldandstream.com/articles/gear/2004/06/fathers-day-gifts-under-100/;https://www.fieldandstream.com/outdoor-gear/best-fathers-day-gifts/
https://www.fieldandstream.com/articles/gear/2004/06/fathers-day-gifts-under-50/;https://www.fieldandstream.com/outdoor-gear/best-fathers-day-gifts/
https://www.fieldandstream.com/articles/gear/2003/06/gearing-fathers-day/;https://www.fieldandstream.com/outdoor-gear/best-fathers-day-gifts/
https://www.fieldandstream.com/blogs/field-notes/2011/07/kayakers-assist-woman-yellowstone-bear-encounter/;https://www.fieldandstream.com/outdoor-gear/best-fishing-kayaks/
https://www.fieldandstream.com/blogs/honest-angler/2011/08/book-kayak-fishing/;https://www.fieldandstream.com/outdoor-gear/best-fishing-kayaks/
https://www.fieldandstream.com/blogs/field-notes/2012/01/kayaking-fisherman-saves-swimming-dog/;https://www.fieldandstream.com/outdoor-gear/best-fishing-kayaks/
https://www.fieldandstream.com/blogs/field-notes/2013/12/shark-kills-kayaking-angler-hawaii/;https://www.fieldandstream.com/outdoor-gear/best-fishing-kayaks/
https://www.fieldandstream.com/blogs/field-notes/2013/10/kayaking-anglers-rendezvous-australia-world-fishing-championship/;https://www.fieldandstream.com/outdoor-gear/best-fishing-kayaks/
https://www.fieldandstream.com/blogs/field-notes/2013/08/la-redfish-kayaking-tournament-draws-record-number-anglers/;https://www.fieldandstream.com/outdoor-gear/best-fishing-kayaks/
https://www.fieldandstream.com/white-shark-chases-kayaker/;https://www.fieldandstream.com/outdoor-gear/best-fishing-kayaks/
https://www.fieldandstream.com/blogs/field-notes/hammerhead-attacks-kayak-fisherman-in-california/;https://www.fieldandstream.com/outdoor-gear/best-fishing-kayaks/
https://www.fieldandstream.com/blogs/field-notes/video-kayakers-save-deer-stranded-in-sea-cave/;https://www.fieldandstream.com/outdoor-gear/best-fishing-kayaks/
https://www.fieldandstream.com/photos/gallery/2015/08/photos-kayak-fisherman-catches-prize-winning-51-inch-striper-as-storm-rolls/;https://www.fieldandstream.com/outdoor-gear/best-fishing-kayaks/
https://www.fieldandstream.com/blogs/field-notes/2014/04/video-kayaker-vs-shark/;https://www.fieldandstream.com/outdoor-gear/best-fishing-kayaks/
https://www.fieldandstream.com/blogs/flytalk/2014/04/slide-show-fishing-kayak-classic-outtakes/;https://www.fieldandstream.com/outdoor-gear/best-fishing-kayaks/
https://www.fieldandstream.com/blogs/flytalk/2014/04/fishing-texas-coast-kayaks-and-orvs/;https://www.fieldandstream.com/outdoor-gear/best-fishing-kayaks/
https://www.fieldandstream.com/blogs/the-lateral-line/florida-kayak-angler-nearly-becomes-sharks-lunch/;https://www.fieldandstream.com/outdoor-gear/best-fishing-kayaks/
https://www.fieldandstream.com/articles/gear/2014/07/digital-feature-chasing-reds-and-kayaking-dirty-on-the-texas-gulf-coast/;https://www.fieldandstream.com/outdoor-gear/best-fishing-kayaks/
https://www.fieldandstream.com/blogs/field-notes/2013/04/shark-jumps-out-water-take-fish-hawaii-kayak-fisherman/;https://www.fieldandstream.com/outdoor-gear/best-fishing-kayaks/
https://www.fieldandstream.com/blogs/field-notes/shark-attack-great-white-flips-two-kayakers-in-massachusetts/;https://www.fieldandstream.com/outdoor-gear/best-fishing-kayaks/
https://www.fieldandstream.com/blogs/field-notes/video-swedish-kayak-angler-sets-new-unofficial-record-with-1247-pound-shark/;https://www.fieldandstream.com/outdoor-gear/best-fishing-kayaks/
https://www.fieldandstream.com/articles/fishing/2013/03/catchbook-fishing-journal-kayak-win-contest/;https://www.fieldandstream.com/outdoor-gear/best-fishing-kayaks/
https://www.fieldandstream.com/pages/starving-wolf-attacks-kayaker/;https://www.fieldandstream.com/outdoor-gear/best-fishing-kayaks/
https://www.fieldandstream.com/blogs/honest-angler/2013/03/fold-kayak-you-can-sling-over-your-shoulder/;https://www.fieldandstream.com/outdoor-gear/best-fishing-kayaks/
https://www.fieldandstream.com/blogs/flytalk/kayaking-dirty-the-outtake-photos/;https://www.fieldandstream.com/outdoor-gear/best-fishing-kayaks/
https://www.fieldandstream.com/pages/heroes-conservation-moving-mountains-kayaks/;https://www.fieldandstream.com/outdoor-gear/best-fishing-kayaks/
https://www.fieldandstream.com/photos/gallery/fishing/bass-fishing/2012/06/how-pick-right-kayak-and-waterproof-outerwear-your-fishi/;https://www.fieldandstream.com/outdoor-gear/best-fishing-kayaks/
https://www.fieldandstream.com/articles/fishing/2012/08/4-steps-adding-fishfinder-your-kayak/;https://www.fieldandstream.com/outdoor-gear/best-fishing-kayaks/
https://www.fieldandstream.com/blogs/scopes-sights/2010/03/making-hikers-kayakers-and-bird-watchers-fund-wildlife-agencies/;https://www.fieldandstream.com/outdoor-gear/best-fishing-kayaks/
https://www.fieldandstream.com/make-kayak-anchor-on-spot/;https://www.fieldandstream.com/outdoor-gear/best-fishing-kayaks/
https://www.fieldandstream.com/next-three-things-to-buy-after-youve-purchased-your-first-fishing-kayak/;https://www.fieldandstream.com/outdoor-gear/best-fishing-kayaks/
https://www.fieldandstream.com/articles/fishing/saltwater/2002/05/kayak-fishing-part-2/;https://www.fieldandstream.com/outdoor-gear/best-fishing-kayaks/
https://www.fieldandstream.com/articles/fishing/fly-fishing/2006/10/flyfishing-gone-mad-catching-mako-sharks-kayak/;https://www.fieldandstream.com/outdoor-gear/best-fishing-kayaks/
https://www.fieldandstream.com/articles/fishing/saltwater/2006/10/flyfishing-gone-mad-catching-mako-sharks-kayak/;https://www.fieldandstream.com/outdoor-gear/best-fishing-kayaks/
https://www.fieldandstream.com/cermele-these-boots-are-made-for-clubbing/;https://www.fieldandstream.com/outdoor-gear/best-fishing-waders/
https://www.fieldandstream.com/blogs/flytalk/2013/04/cabelas-boa-wading-boots-caption-contest-winner-announced/;https://www.fieldandstream.com/outdoor-gear/best-fishing-waders/
https://www.fieldandstream.com/blogs/flytalk/2013/04/caption-contest-write-best-win-cabelas-boa-wading-boots/;https://www.fieldandstream.com/outdoor-gear/best-fishing-waders/
https://www.fieldandstream.com/blogs/mans-best-friend/2012/10/bird-dog-hunting-tip-use-dog-boots-if-your-water-levels-are-too-low/;https://www.fieldandstream.com/outdoor-gear/best-fishing-waders/
https://www.fieldandstream.com/blogs/honest-angler/2011/07/vintage-tackle-contest-caoutchouc-waders/;https://www.fieldandstream.com/outdoor-gear/best-fishing-waders/
https://www.fieldandstream.com/articles/gear/hunting/1999/12/patagonia-wading-boots/;https://www.fieldandstream.com/outdoor-gear/best-fishing-waders/
https://www.fieldandstream.com/articles/gear/1999/12/hodgman-wadelite-ii-breathable-waders/;https://www.fieldandstream.com/outdoor-gear/best-fishing-waders/
https://www.fieldandstream.com/articles/gear/1999/12/fly-tech-sealdri-breathable-stocking-foot-waders/;https://www.fieldandstream.com/outdoor-gear/best-fishing-waders/
https://www.fieldandstream.com/blogs/the-gun-nuts/the-year-of-the-folding-knife/;https://www.fieldandstream.com/outdoor-gear/best-folding-knife/
https://www.fieldandstream.com/blogs/gun-nuts/2014/01/buck-marksman-new-tactical-folding-knife/;https://www.fieldandstream.com/outdoor-gear/best-folding-knife/
https://www.fieldandstream.com/story/outdoor-gear/hiking-socks/;https://www.fieldandstream.com/outdoor-gear/best-hiking-socks/
https://www.fieldandstream.com/im-in-love-with-my-boots-pt-1/;https://www.fieldandstream.com/outdoor-gear/best-hunting-boots/
https://www.fieldandstream.com/blogs/whitetail-365/2012/06/write-best-caption-win-pair-boots-cabelas/;https://www.fieldandstream.com/outdoor-gear/best-hunting-boots/
https://www.fieldandstream.com/articles/gear/atvs/2012/07/atv-gear-review-alpinestar-tech-2-boots/;https://www.fieldandstream.com/outdoor-gear/best-hunting-boots/
https://www.fieldandstream.com/good-gear-vasque-breeze-iii-boots/;https://www.fieldandstream.com/outdoor-gear/best-hunting-boots/
https://www.fieldandstream.com/articles/jim-thornton/2003/12/dying-your-boots/;https://www.fieldandstream.com/outdoor-gear/best-hunting-boots/
https://www.fieldandstream.com/articles/gear/2003/12/buyers-guide-2003-boots-clothing/;https://www.fieldandstream.com/outdoor-gear/best-hunting-boots/
https://www.fieldandstream.com/articles/gear/2002/11/hunting-boots/;https://www.fieldandstream.com/outdoor-gear/best-hunting-boots/
https://www.fieldandstream.com/articles/gear/2002/01/gear-reviews-all-american-reels-xtratuf-neoprene-boots/;https://www.fieldandstream.com/outdoor-gear/best-hunting-boots/
https://www.fieldandstream.com/things-to-consider-when-buying-tactical-boots/;https://www.fieldandstream.com/outdoor-gear/best-hunting-boots/
https://www.fieldandstream.com/articles/hunting/whitetails/2006/07/best-new-boots-bow-hunters/;https://www.fieldandstream.com/outdoor-gear/best-hunting-boots/
https://www.fieldandstream.com/articles/jim-thornton/1999/12/dying-your-boots/;https://www.fieldandstream.com/outdoor-gear/best-hunting-boots/
https://www.fieldandstream.com/articles/hunting/big-game/2006/07/best-new-boots-bow-hunters/;https://www.fieldandstream.com/outdoor-gear/best-hunting-boots/
https://www.fieldandstream.com/articles/gear/hunting/1999/12/kamik-assault-boots/;https://www.fieldandstream.com/outdoor-gear/best-hunting-boots/
https://www.fieldandstream.com/articles/gear/hunting/1999/12/ll-bean-bean-boots/;https://www.fieldandstream.com/outdoor-gear/best-hunting-boots/
https://www.fieldandstream.com/articles/gear/hunting/1999/12/cordura-neos-adventurer-overboots/;https://www.fieldandstream.com/outdoor-gear/best-hunting-boots/
https://www.fieldandstream.com/articles/gear/hunting/1999/12/wolverines-new-pac-boots/;https://www.fieldandstream.com/outdoor-gear/best-hunting-boots/
https://www.fieldandstream.com/blogs/mans-best-friend/2011/11/custom-small-game-knife-will-last/;https://www.fieldandstream.com/outdoor-gear/best-hunting-knives/
https://www.fieldandstream.com/blogs/a-sportsmans-life/a-first-knife-and-other-memories-of-my-father/;https://www.fieldandstream.com/outdoor-gear/best-hunting-knives/
https://www.fieldandstream.com/bill-heavey-knife-giveaway-winner/;https://www.fieldandstream.com/outdoor-gear/best-hunting-knives/
https://www.fieldandstream.com/blogs/wild-chef/2013/10/making-damascus-kitchen-knife/;https://www.fieldandstream.com/outdoor-gear/best-hunting-knives/
https://www.fieldandstream.com/blogs/gun-nuts/2014/01/legend-gerbers-new-700-hunting-knife/;https://www.fieldandstream.com/outdoor-gear/best-hunting-knives/
https://www.fieldandstream.com/blogs/gun-nuts/2014/01/sog-zoom-new-assisted-opening-knife/;https://www.fieldandstream.com/outdoor-gear/best-hunting-knives/
https://www.fieldandstream.com/blogs/gun-nuts/2014/01/new-hunting-knife-sog-bladelight-hunt/;https://www.fieldandstream.com/outdoor-gear/best-hunting-knives/
https://www.fieldandstream.com/blogs/whitetail-365/2013/08/how-hunt-years-2000-trail-cam-pack-and-knife/;https://www.fieldandstream.com/outdoor-gear/best-hunting-knives/
https://www.fieldandstream.com/blogs/field-test/gear-review-dexter-ur-cut-filet-knife/;https://www.fieldandstream.com/outdoor-gear/best-hunting-knives/
https://www.fieldandstream.com/articles/hunting/2016/09/ask-petzal-knife-nuts-magnums-and-meeting-the-duke/;https://www.fieldandstream.com/outdoor-gear/best-hunting-knives/
https://www.fieldandstream.com/articles/gear/hunting-gear/2014/05/your-next-level-camp-knife/;https://www.fieldandstream.com/outdoor-gear/best-hunting-knives/
https://www.fieldandstream.com/its-steel-random-facts-about-knife-blades/;https://www.fieldandstream.com/outdoor-gear/best-hunting-knives/
https://www.fieldandstream.com/blogs/mans-best-friend/2013/03/fireknife-caption-contest-winner-announced/;https://www.fieldandstream.com/outdoor-gear/best-hunting-knives/
https://www.fieldandstream.com/blogs/mans-best-friend/2013/03/caption-contest-write-best-win-knife-and-survival-bracelets/;https://www.fieldandstream.com/outdoor-gear/best-hunting-knives/
https://www.fieldandstream.com/two-top-custom-knifemakers-from-opposite-ends-technological-spectrum/;https://www.fieldandstream.com/outdoor-gear/best-hunting-knives/
https://www.fieldandstream.com/blogs/mans-best-friend/2012/06/share-your-gun-dog-tips-win-fireknife/;https://www.fieldandstream.com/outdoor-gear/best-hunting-knives/
https://www.fieldandstream.com/blogs/a-sportsmans-life/the-ultimate-rabbit-hole-of-knifedom/;https://www.fieldandstream.com/outdoor-gear/best-hunting-knives/
https://www.fieldandstream.com/blogs/the-gun-nuts/new-hunting-knife-white-river-scout/;https://www.fieldandstream.com/outdoor-gear/best-hunting-knives/
https://www.fieldandstream.com/blogs/mans-best-friend/2012/06/give-us-gun-dog-tip-win-fireknife/;https://www.fieldandstream.com/outdoor-gear/best-hunting-knives/
https://www.fieldandstream.com/blogs/field-notes/knife-fight-friday-eagle-with-hunting-blade-vs-swiss-army-trout/;https://www.fieldandstream.com/outdoor-gear/best-hunting-knives/
https://www.fieldandstream.com/blogs/gun-nuts/2012/12/prairie-storm-gerber-knife-caption-contest-winner-announced/;https://www.fieldandstream.com/outdoor-gear/best-hunting-knives/
https://www.fieldandstream.com/blogs/mans-best-friend/2012/08/winner-announced-give-us-gun-dog-tip-win-fireknife/;https://www.fieldandstream.com/outdoor-gear/best-hunting-knives/
https://www.fieldandstream.com/knife-work-we-live-for/;https://www.fieldandstream.com/outdoor-gear/best-hunting-knives/
https://www.fieldandstream.com/blogs/field-notes/2011/05/sharp-knife/;https://www.fieldandstream.com/outdoor-gear/best-hunting-knives/
https://www.fieldandstream.com/herb-derr-profile-custom-knifemaker/;https://www.fieldandstream.com/outdoor-gear/best-hunting-knives/
https://www.fieldandstream.com/blogs/field-notes/2011/04/win-diamondblade-knife-our-may-cover/;https://www.fieldandstream.com/outdoor-gear/best-hunting-knives/
https://www.fieldandstream.com/articles/hunting/2005/11/make-your-own-hunting-knife/;https://www.fieldandstream.com/outdoor-gear/best-hunting-knives/
https://www.fieldandstream.com/blogs/hunting/2010/03/arizona-house-committee-okays-knife-rights-bill/;https://www.fieldandstream.com/outdoor-gear/best-hunting-knives/
https://www.fieldandstream.com/blogs/field-notes/2011/02/maine-man-lobbies-spring-operated-knife-exemption/;https://www.fieldandstream.com/outdoor-gear/best-hunting-knives/
https://www.fieldandstream.com/articles/gear/2004/09/now-thats-knife/;https://www.fieldandstream.com/outdoor-gear/best-hunting-knives/
https://www.fieldandstream.com/blogs/gun-nuts/2010/06/review-petzal-spartan-blades-horkos-combatutility-knife/;https://www.fieldandstream.com/outdoor-gear/best-hunting-knives/
https://www.fieldandstream.com/articles/gear/2003/09/cold-steel-master-hunter-knife/;https://www.fieldandstream.com/outdoor-gear/best-hunting-knives/
https://www.fieldandstream.com/articles/gear/2003/09/cold-steel-master-hunter-knife-0/;https://www.fieldandstream.com/outdoor-gear/best-hunting-knives/
https://www.fieldandstream.com/blogs/hunting/2010/07/fiber-optic-hunting-knife/;https://www.fieldandstream.com/outdoor-gear/best-hunting-knives/
https://www.fieldandstream.com/articles/gear/2002/08/fs-gear-fixed-blade-gator-knife-and-muleskinner-vest/;https://www.fieldandstream.com/outdoor-gear/best-hunting-knives/
https://www.fieldandstream.com/blogs/hunting/2010/11/xtreme-knife-extreme-times/;https://www.fieldandstream.com/outdoor-gear/best-hunting-knives/
https://www.fieldandstream.com/articles/hunting/1999/12/zumbo-elk-knife/;https://www.fieldandstream.com/outdoor-gear/best-hunting-knives/
https://www.fieldandstream.com/blogs/hunting/2010/10/hurteau-write-tip-win-knife/;https://www.fieldandstream.com/outdoor-gear/best-hunting-knives/
https://www.fieldandstream.com/articles/hunting/1999/12/tigers-sharp-replaceable-edge-knife/;https://www.fieldandstream.com/outdoor-gear/best-hunting-knives/
https://www.fieldandstream.com/articles/hunting/1999/12/ll-bean-camp-knife/;https://www.fieldandstream.com/outdoor-gear/best-hunting-knives/
https://www.fieldandstream.com/articles/hunting/1999/12/hocho-hunting-knife/;https://www.fieldandstream.com/outdoor-gear/best-hunting-knives/
https://www.fieldandstream.com/story/outdoor-gear/things-to-consider-before-buying-a-knife-sharpener/;https://www.fieldandstream.com/outdoor-gear/best-hunting-knives/
https://www.fieldandstream.com/blogs/the-gun-nuts/shot-show-part-4-new-knives-and-other-wonders/;https://www.fieldandstream.com/outdoor-gear/best-hunting-knives/
https://www.fieldandstream.com/photos/gallery/hunting/2012/01/cutting-edge-folders-best-new-pocketknives/;https://www.fieldandstream.com/outdoor-gear/best-hunting-knives/
https://www.fieldandstream.com/blogs/wild-chef/2013/12/holiday-gift-guide-eight-great-knives-wild-chef/;https://www.fieldandstream.com/outdoor-gear/best-hunting-knives/
https://www.fieldandstream.com/blogs/gun-nuts/2014/01/new-hunting-knives-benchmade-hunt-series/;https://www.fieldandstream.com/outdoor-gear/best-hunting-knives/
https://www.fieldandstream.com/pages/alleged-shoplifter-falls-stolen-hunting-knives/;https://www.fieldandstream.com/outdoor-gear/best-hunting-knives/
https://www.fieldandstream.com/pages/discussion-topic-canadian-group-aims-slash-outdoor-knives/;https://www.fieldandstream.com/outdoor-gear/best-hunting-knives/
https://www.fieldandstream.com/blogs/the-gun-nuts/good-steel-and-custom-knives/;https://www.fieldandstream.com/outdoor-gear/best-hunting-knives/
https://www.fieldandstream.com/blogs/the-gun-nuts/folding-knives-of-note/;https://www.fieldandstream.com/outdoor-gear/best-hunting-knives/
https://www.fieldandstream.com/blogs/the-gun-nuts/more-on-shot-new-knives-and-optics/;https://www.fieldandstream.com/outdoor-gear/best-hunting-knives/
https://www.fieldandstream.com/blogs/the-wild-chef/christmas-wishlist-vmatter-knives/;https://www.fieldandstream.com/outdoor-gear/best-hunting-knives/
https://www.fieldandstream.com/blogs/the-gun-nuts/new-hunting-knives-puma-trophy-set/;https://www.fieldandstream.com/outdoor-gear/best-hunting-knives/
https://www.fieldandstream.com/blogs/gun-nuts/2011/01/shot-show-2011-winkler-knives/;https://www.fieldandstream.com/outdoor-gear/best-hunting-knives/
https://www.fieldandstream.com/articles/gear/2003/11/buyers-guide-2003-knives/;https://www.fieldandstream.com/outdoor-gear/best-hunting-knives/
https://www.fieldandstream.com/articles/gear/2002/11/knives/;https://www.fieldandstream.com/outdoor-gear/best-hunting-knives/
https://www.fieldandstream.com/articles/gear/2001/12/knives/;https://www.fieldandstream.com/outdoor-gear/best-hunting-knives/
https://www.fieldandstream.com/story/outdoor-gear/meat-thermometers/;https://www.fieldandstream.com/outdoor-gear/best-meat-thermometers/
https://www.fieldandstream.com/blogs/hunting/2010/07/evolution-multi-tool/;https://www.fieldandstream.com/outdoor-gear/best-multi-tools/
https://www.fieldandstream.com/bucktracker-muzzleloader-luck/;https://www.fieldandstream.com/outdoor-gear/best-muzzleloaders/
https://www.fieldandstream.com/pages/discussion-topic-should-lines-be-legal-muzzleloaders/;https://www.fieldandstream.com/outdoor-gear/best-muzzleloaders/
https://www.fieldandstream.com/blogs/south-rut-report/bonus-report-a-lull-drive-pays-off-for-arkansas-muzzleloader-hunters/;https://www.fieldandstream.com/outdoor-gear/best-muzzleloaders/
https://www.fieldandstream.com/articles/hunting/2012/11/how-hunt-squirrel-muzzleloader/;https://www.fieldandstream.com/outdoor-gear/best-muzzleloaders/
https://www.fieldandstream.com/pages/muzzleloader-maker-goes-under-austin-halleck-suspend-operations/;https://www.fieldandstream.com/outdoor-gear/best-muzzleloaders/
https://www.fieldandstream.com/pages/scopes-trial-muzzleloader-groups-takes-15-states-over-telescopic-sights/;https://www.fieldandstream.com/outdoor-gear/best-muzzleloaders/
https://www.fieldandstream.com/blogs/hunting/2010/12/disabled-minnesota-man-still-farms-hunts-muzzleloader/;https://www.fieldandstream.com/outdoor-gear/best-muzzleloaders/
https://www.fieldandstream.com/articles/hunting/2003/02/whitetail-revolvermuzzleloader-scope/;https://www.fieldandstream.com/outdoor-gear/best-muzzleloaders/
https://www.fieldandstream.com/articles/hunting/2007/03/homemade-air-powered-muzzleloader-big-game/;https://www.fieldandstream.com/outdoor-gear/best-muzzleloaders/
https://www.fieldandstream.com/articles/guns/2007/03/homemade-air-powered-muzzleloader-big-game/;https://www.fieldandstream.com/outdoor-gear/best-muzzleloaders/
https://www.fieldandstream.com/articles/hunting/1999/12/camper-model-swiss-army-knife/;https://www.fieldandstream.com/outdoor-gear/best-pocket-knives/
https://www.fieldandstream.com/blogs/field-notes/2013/03/tsa-allow-pocket-knives-airplanes/;https://www.fieldandstream.com/outdoor-gear/best-pocket-knives/
https://www.fieldandstream.com/story/outdoor-gear/generator/;https://www.fieldandstream.com/outdoor-gear/best-solar-generators/
https://www.fieldandstream.com/articles/fishing/fly-fishing/how-fish/2005/07/avoid-short-strikes-when-trolling-spincasting-fishing-/;https://www.fieldandstream.com/outdoor-gear/best-spincast-reels/
https://www.fieldandstream.com/articles/gear/fishing/1999/12/johnson-maxxum-spincast/;https://www.fieldandstream.com/outdoor-gear/best-spincast-reels/
https://www.fieldandstream.com/articles/gear/fishing/1999/12/johnson-spincast/;https://www.fieldandstream.com/outdoor-gear/best-spincast-reels/
https://www.fieldandstream.com/articles/fishing/more-freshwater/2004/05/spinning-trout-tales/;https://www.fieldandstream.com/outdoor-gear/best-spinning-reels/
https://www.fieldandstream.com/articles/gear/fishing/1999/12/spidercast-ti-alloy-spinning-reels/;https://www.fieldandstream.com/outdoor-gear/best-spinning-reels/
https://www.fieldandstream.com/articles/gear/2007/04/2007-fishing-gear-buyers-guide-spinning-gear/;https://www.fieldandstream.com/outdoor-gear/best-spinning-reels/
https://www.fieldandstream.com/articles/ishot-business/i-magazine/2007/04/2007-fishing-gear-buyers-guide-spinning-gear/;https://www.fieldandstream.com/outdoor-gear/best-spinning-reels/
https://www.fieldandstream.com/articles/gear/fishing/1999/12/penn-prion-spinning-rod/;https://www.fieldandstream.com/outdoor-gear/best-spinning-reels/
https://www.fieldandstream.com/articles/gear/fishing/1999/12/daiwa-ss2-series-spinning-reel/;https://www.fieldandstream.com/outdoor-gear/best-spinning-reels/
https://www.fieldandstream.com/things-you-need-your-next-spinning-reel/;https://www.fieldandstream.com/outdoor-gear/best-spinning-reels/
https://www.fieldandstream.com/articles/hunting-gear-fishing-gear-camping-gear-shooting-gear-and-survival-gear-reviews/hunting-gear/;https://www.fieldandstream.com/outdoor-gear/best-survival-kits/
https://www.fieldandstream.com/blogs/field-notes/2011/07/grizzly-mauls-teens-taking-survival-skills-course-alaska/;https://www.fieldandstream.com/outdoor-gear/best-survival-kits/
https://www.fieldandstream.com/articles/survival/2011/08/survival-quiz-answers/;https://www.fieldandstream.com/outdoor-gear/best-survival-kits/
https://www.fieldandstream.com/blogs/field-notes/2011/11/survival-fattest-climate-change-makes-upland-birds-evolve/;https://www.fieldandstream.com/outdoor-gear/best-survival-kits/
https://www.fieldandstream.com/articles/hunting/2016/04/video-the-backcountry-beast-survival-kit/;https://www.fieldandstream.com/outdoor-gear/best-survival-kits/
https://www.fieldandstream.com/articles/survival/2016/05/how-an-idaho-shed-hunter-survived-a-200-foot-mountainside-fall/;https://www.fieldandstream.com/outdoor-gear/best-survival-kits/
https://www.fieldandstream.com/blogs/lateral-line/2014/02/how-make-survival-lure-out-paracord/;https://www.fieldandstream.com/outdoor-gear/best-survival-kits/
https://www.fieldandstream.com/blogs/field-notes/obama-heads-to-the-alaskan-arctic-learns-survival-from-bear-grylls/;https://www.fieldandstream.com/outdoor-gear/best-survival-kits/
https://www.fieldandstream.com/blogs/field-notes/lost-utah-boy-found-in-good-shape-used-survival-skills-to-stay-alive/;https://www.fieldandstream.com/outdoor-gear/best-survival-kits/
https://www.fieldandstream.com/blogs/gun-nuts/2014/06/survival-show-worth-watching-life-below-zero/;https://www.fieldandstream.com/outdoor-gear/best-survival-kits/
https://www.fieldandstream.com/pages/gun-nuts-ten-general-rules-survival/;https://www.fieldandstream.com/outdoor-gear/best-survival-kits/
https://www.fieldandstream.com/blogs/gun-nuts/2012/05/fema-follies-and-other-notes-survival/;https://www.fieldandstream.com/outdoor-gear/best-survival-kits/
https://www.fieldandstream.com/road-trip-survival-guide/;https://www.fieldandstream.com/outdoor-gear/best-survival-kits/
https://www.fieldandstream.com/articles/survival/shelter/2012/06/close-calls-tripped-trapped/;https://www.fieldandstream.com/outdoor-gear/best-survival-kits/
https://www.fieldandstream.com/blogs/total-outdoorsman/homeschool-survival-lessons-learned/;https://www.fieldandstream.com/outdoor-gear/best-survival-kits/
https://www.fieldandstream.com/articles/hunting/2012/12/apocalypse-survival-interview-sam-sheridan/;https://www.fieldandstream.com/outdoor-gear/best-survival-kits/
https://www.fieldandstream.com/blogs/field-notes/2012/12/survival-deer-hunter-rescued-after-being-lost-manitoba-three-weeks/;https://www.fieldandstream.com/outdoor-gear/best-survival-kits/
https://www.fieldandstream.com/close-call-lone-hunters-survival-story/;https://www.fieldandstream.com/outdoor-gear/best-survival-kits/
https://www.fieldandstream.com/articles/keith-mccafferty/2006/08/survival-stories-big-woods/;https://www.fieldandstream.com/outdoor-gear/best-survival-kits/
https://www.fieldandstream.com/10-great-survival-gift-ideas-for-2018/;https://www.fieldandstream.com/outdoor-gear/best-survival-kits/
https://www.fieldandstream.com/articles/hunting/big-game/2006/06/hunters-guide-winter-survival/;https://www.fieldandstream.com/outdoor-gear/best-survival-kits/
https://www.fieldandstream.com/blogs/honest-angler/2011/05/vintage-tackle-contest-us-lite-ray-fishing-survival-kit/;https://www.fieldandstream.com/outdoor-gear/best-survival-kits/
https://www.fieldandstream.com/field-stream-survival-duck-hunters-lab-rescues-him-from-drowning/;https://www.fieldandstream.com/outdoor-gear/best-survival-kits/
https://www.fieldandstream.com/articles/tbd/2006/02/we-want-your-survival-story/;https://www.fieldandstream.com/outdoor-gear/best-survival-kits/
https://www.fieldandstream.com/photos/gallery/guns/rifles/shooting-tips/2011/03/fishing-hunting-survival-tips-tricks-readers/;https://www.fieldandstream.com/outdoor-gear/best-survival-kits/
https://www.fieldandstream.com/articles/tbd/2006/01/survival-skills-part-iii-finding-food/;https://www.fieldandstream.com/outdoor-gear/best-survival-kits/
https://www.fieldandstream.com/blogs/gun-nuts/2011/02/21st-century-survival-tips-buy-fine-guns-watch-mma/;https://www.fieldandstream.com/outdoor-gear/best-survival-kits/
https://www.fieldandstream.com/articles/hunting/2005/11/survival-stories-mountains/;https://www.fieldandstream.com/outdoor-gear/best-survival-kits/
https://www.fieldandstream.com/blogs/field-notes/2011/10/how-make-stone-blades-wilderness-survival/;https://www.fieldandstream.com/outdoor-gear/best-survival-kits/
https://www.fieldandstream.com/new-survival-signal-underwear/;https://www.fieldandstream.com/outdoor-gear/best-survival-kits/
https://www.fieldandstream.com/articles/survival/water/2011/01/close-call-fisherman-battles-hypothermia-after-breaking-leg/;https://www.fieldandstream.com/outdoor-gear/best-survival-kits/
https://www.fieldandstream.com/articles/diy/survival/2010/05/close-calls/;https://www.fieldandstream.com/outdoor-gear/best-survival-kits/
https://www.fieldandstream.com/blogs/survival/2010/06/sleeping-babies-mauled-fox-uk/;https://www.fieldandstream.com/outdoor-gear/best-survival-kits/
https://www.fieldandstream.com/articles/keith-mccafferty/2004/02/survival-stories-marooned-offshore/;https://www.fieldandstream.com/outdoor-gear/best-survival-kits/
https://www.fieldandstream.com/articles/keith-mccafferty/2004/02/survival-stories-bear-country/;https://www.fieldandstream.com/outdoor-gear/best-survival-kits/
https://www.fieldandstream.com/articles/keith-mccafferty/2004/02/survival-stories-ocean/;https://www.fieldandstream.com/outdoor-gear/best-survival-kits/
https://www.fieldandstream.com/articles/hunting/2004/01/survival-stories-ocean/;https://www.fieldandstream.com/outdoor-gear/best-survival-kits/
https://www.fieldandstream.com/articles/hunting/2004/01/survival-stories-big-woods/;https://www.fieldandstream.com/outdoor-gear/best-survival-kits/
https://www.fieldandstream.com/articles/gear/2003/12/buyers-guide-2003-survival/;https://www.fieldandstream.com/outdoor-gear/best-survival-kits/
https://www.fieldandstream.com/articles/gear/2003/10/gearing-survival-your-pocket/;https://www.fieldandstream.com/outdoor-gear/best-survival-kits/
https://www.fieldandstream.com/articles/gear/2002/11/survival-technology/;https://www.fieldandstream.com/outdoor-gear/best-survival-kits/
https://www.fieldandstream.com/articles/other/recipes/2006/08/take-field-stream-survival-challenge/;https://www.fieldandstream.com/outdoor-gear/best-survival-kits/
https://www.fieldandstream.com/articles/ishot-business/i-magazine/1999/12/we-want-your-survival-story-0/;https://www.fieldandstream.com/outdoor-gear/best-survival-kits/
https://www.fieldandstream.com/blogs/hunting/2010/09/bourjaily-imagine-michael-scott-office-survival-show/;https://www.fieldandstream.com/outdoor-gear/best-survival-kits/
https://www.fieldandstream.com/articles/other/recipes/2006/08/make-survival-kit-out-altoids-tin-and-two-more-life-saving-diy-projec/;https://www.fieldandstream.com/outdoor-gear/best-survival-kits/
https://www.fieldandstream.com/articles/other/recipes/2006/10/seven-primitive-survival-shelters-could-save-your-life/;https://www.fieldandstream.com/outdoor-gear/best-survival-kits/
https://www.fieldandstream.com/blogs/survival/2010/09/chad-love-best-survival-movie/;https://www.fieldandstream.com/outdoor-gear/best-survival-kits/
https://www.fieldandstream.com/articles/ishot-business/i-magazine/1999/12/we-want-your-survival-story/;https://www.fieldandstream.com/outdoor-gear/best-survival-kits/
https://www.fieldandstream.com/blogs/gun-nuts/2014/01/ultimate-survival-knife-morakniv/;https://www.fieldandstream.com/outdoor-gear/best-survival-knife/
https://www.fieldandstream.com/pages/man-attacks-bear-canadian-camper-kills-aggressive-bruin-knife-saving-himself-and-his-dog/;https://www.fieldandstream.com/outdoor-gear/best-survival-knife/
https://www.fieldandstream.com/blogs/field-notes/2012/06/bushcraft-how-and-why-make-knife-spear-survival-situation/;https://www.fieldandstream.com/outdoor-gear/best-survival-knife/
https://www.fieldandstream.com/blogs/honest-angler/2012/10/whats-your-favorite-topwater-bass-lure/;https://www.fieldandstream.com/outdoor-gear/best-topwater-bass-lures/
https://www.fieldandstream.com/blogs/flytalk/2009/04/death-camera/;https://www.fieldandstream.com/outdoor-gear/best-trail-cameras/
https://www.fieldandstream.com/putting-four-digital-cameras-to-test/;https://www.fieldandstream.com/outdoor-gear/best-trail-cameras/
https://www.fieldandstream.com/blogs/rut-report/2011/09/get-creative-trail-cameras/;https://www.fieldandstream.com/outdoor-gear/best-trail-cameras/
https://www.fieldandstream.com/photos/gallery/2016/01/best-trail-camera-photos-of-fall-2015-round-iii/;https://www.fieldandstream.com/outdoor-gear/best-trail-cameras/
https://www.fieldandstream.com/blogs/whitetail-365/2011/12/use-trail-cameras-during-hunting-season-see-when-big-bucks-travel/;https://www.fieldandstream.com/outdoor-gear/best-trail-cameras/
https://www.fieldandstream.com/photos/gallery/2015/12/best-trail-camera-photos-of-fall-2015-round-ii/;https://www.fieldandstream.com/outdoor-gear/best-trail-cameras/
https://www.fieldandstream.com/bucktracker-shed-poacher-candid-camera/;https://www.fieldandstream.com/outdoor-gear/best-trail-cameras/
https://www.fieldandstream.com/blogs/field-notes/2013/12/sea-eagle-steals-video-camera-and-records-70-mile-flight/;https://www.fieldandstream.com/outdoor-gear/best-trail-cameras/
https://www.fieldandstream.com/photos/gallery/2015/11/best-trail-camera-photos-of-fall-2015-round-1/;https://www.fieldandstream.com/outdoor-gear/best-trail-cameras/
https://www.fieldandstream.com/blogs/field-notes/2013/12/giant-trevally-eats-gopro-camera/;https://www.fieldandstream.com/outdoor-gear/best-trail-cameras/
https://www.fieldandstream.com/blogs/west-rut-report/giant-texas-buck-on-trail-camera-big-boys-should-be-wandering/;https://www.fieldandstream.com/outdoor-gear/best-trail-cameras/
https://www.fieldandstream.com/blogs/field-notes/video-elk-charges-camera-wielding-yellowstone-tourist/;https://www.fieldandstream.com/outdoor-gear/best-trail-cameras/
https://www.fieldandstream.com/blogs/lateral-line/2014/01/how-gopro-cameras-can-make-you-better-bass-angler/;https://www.fieldandstream.com/outdoor-gear/best-trail-cameras/
https://www.fieldandstream.com/blogs/gun-nuts/2014/01/new-shooting-gear-bullseye-camera-systems/;https://www.fieldandstream.com/outdoor-gear/best-trail-cameras/
https://www.fieldandstream.com/blogs/lateral-line/2013/09/smile-steelhead-poacher-youre-candid-camera/;https://www.fieldandstream.com/outdoor-gear/best-trail-cameras/
https://www.fieldandstream.com/blogs/field-notes/2014/01/video-yellow-jackets-go-berserk-when-camera-placed-near-their-nest/;https://www.fieldandstream.com/outdoor-gear/best-trail-cameras/
https://www.fieldandstream.com/blogs/south-rut-report/trail-cameras-show-daylight-activity-is-increasing-hunting-is-hot-in/;https://www.fieldandstream.com/outdoor-gear/best-trail-cameras/
https://www.fieldandstream.com/blogs/northeast-rut-report/video-coyotes-hunt-for-fawn-caught-on-trail-camera/;https://www.fieldandstream.com/outdoor-gear/best-trail-cameras/
https://www.fieldandstream.com/bucktracker-why-i-love-trail-cameras/;https://www.fieldandstream.com/outdoor-gear/best-trail-cameras/
https://www.fieldandstream.com/blogs/flytalk/2013/08/best-pocket-camera-fishermen-gopro-hero-3-black-edition/;https://www.fieldandstream.com/outdoor-gear/best-trail-cameras/
https://www.fieldandstream.com/bill-heavey-why-i-dont-use-trail-cameras/;https://www.fieldandstream.com/outdoor-gear/best-trail-cameras/
https://www.fieldandstream.com/roll-camera/;https://www.fieldandstream.com/outdoor-gear/best-trail-cameras/
https://www.fieldandstream.com/blogs/whitetail-365/2013/07/caption-contest-win-cabelas-outfitter-series-game-camera/;https://www.fieldandstream.com/outdoor-gear/best-trail-cameras/
https://www.fieldandstream.com/blogs/whitetail-365/2014/03/write-best-caption-win-cabelas-trail-camera/;https://www.fieldandstream.com/outdoor-gear/best-trail-cameras/
https://www.fieldandstream.com/blogs/field-notes/2014/04/trail-cam-contest-send-us-your-best-spring-shot-win-camera/;https://www.fieldandstream.com/outdoor-gear/best-trail-cameras/
https://www.fieldandstream.com/blogs/tagged-out/trail-camera-season/;https://www.fieldandstream.com/outdoor-gear/best-trail-cameras/
https://www.fieldandstream.com/hidden-camera-in-fly-shop/;https://www.fieldandstream.com/outdoor-gear/best-trail-cameras/
https://www.fieldandstream.com/photos/gallery/2014/07/best-spring-trail-camera-photos-round-2/;https://www.fieldandstream.com/outdoor-gear/best-trail-cameras/
https://www.fieldandstream.com/blogs/field-notes/send-us-your-photos-win-a-bushnell-trail-camera/;https://www.fieldandstream.com/outdoor-gear/best-trail-cameras/
https://www.fieldandstream.com/blogs/field-notes/busted-trail-cameras-capture-thieves-in-the-act/;https://www.fieldandstream.com/outdoor-gear/best-trail-cameras/
https://www.fieldandstream.com/blogs/northeast-rut-report/lessons-from-warm-weather-trail-camera-work/;https://www.fieldandstream.com/outdoor-gear/best-trail-cameras/
https://www.fieldandstream.com/articles/hunting/whitetails/how-hunt/2007/07/dont-spook-em-how-catch-bucks-your-trail-camera/;https://www.fieldandstream.com/outdoor-gear/best-trail-cameras/
https://www.fieldandstream.com/pages/discussion-topic-why-not-hunt-camera/;https://www.fieldandstream.com/outdoor-gear/best-trail-cameras/
https://www.fieldandstream.com/blogs/the-gun-nuts/new-trail-camera-wildgame-innovations-360/;https://www.fieldandstream.com/outdoor-gear/best-trail-cameras/
https://www.fieldandstream.com/blogs/the-gun-nuts/new-trail-camera-browning-recon-force-full-hd/;https://www.fieldandstream.com/outdoor-gear/best-trail-cameras/
https://www.fieldandstream.com/pages/discussion-topic-should-wardens-use-hidden-cameras-state-lands/;https://www.fieldandstream.com/outdoor-gear/best-trail-cameras/
https://www.fieldandstream.com/blogs/field-notes/home-surveillance-cameras-capture-coyote-attack-on-family-dog/;https://www.fieldandstream.com/outdoor-gear/best-trail-cameras/
https://www.fieldandstream.com/blogs/field-notes/2013/01/wildlife-cameraman-films-encounter-hungry-polar-bear/;https://www.fieldandstream.com/outdoor-gear/best-trail-cameras/
https://www.fieldandstream.com/blogs/whitetail-365/what-my-trail-cameras-taught-me-this-fall/;https://www.fieldandstream.com/outdoor-gear/best-trail-cameras/
https://www.fieldandstream.com/photos/gallery/2014/12/best-fall-trail-camera-photos-2014-round-3/;https://www.fieldandstream.com/outdoor-gear/best-trail-cameras/
https://www.fieldandstream.com/blogs/field-notes/video-trail-cameras-capture-impressive-and-entertaining-grizzly-behavior-in/;https://www.fieldandstream.com/outdoor-gear/best-trail-cameras/
https://www.fieldandstream.com/blogs/honest-angler/2012/12/blood-sweat-and-blood-involved-putting-camera-sharks-head/;https://www.fieldandstream.com/outdoor-gear/best-trail-cameras/
https://www.fieldandstream.com/blogs/mans-best-friend/2012/12/forgetting-extra-camera-batteries-hunt-can-mean-losing-memories/;https://www.fieldandstream.com/outdoor-gear/best-trail-cameras/
https://www.fieldandstream.com/blogs/field-notes/2012/08/video-cormorants-deep-sea-dive-caught-camera/;https://www.fieldandstream.com/outdoor-gear/best-trail-cameras/
https://www.fieldandstream.com/photos/gallery/fishing/2012/11/fishing-photos-camera-attached-birds-neck/;https://www.fieldandstream.com/outdoor-gear/best-trail-cameras/
https://www.fieldandstream.com/blogs/gun-nuts/2011/06/gun-nuts-tv-season-2-and-new-gun-camera/;https://www.fieldandstream.com/outdoor-gear/best-trail-cameras/
https://www.fieldandstream.com/blogs/whitetail-365/2011/06/write-summer-scouting-tip-win-trail-camera/;https://www.fieldandstream.com/outdoor-gear/best-trail-cameras/
https://www.fieldandstream.com/blogs/generation-wild/2009/12/you-asked-it-win-free-vado-hd-camera/;https://www.fieldandstream.com/outdoor-gear/best-trail-cameras/
https://www.fieldandstream.com/blogs/generation-wild/2009/12/and-vado-camera-goes/;https://www.fieldandstream.com/outdoor-gear/best-trail-cameras/
https://www.fieldandstream.com/articles/hunting/2006/04/lights-camera-grizzly/;https://www.fieldandstream.com/outdoor-gear/best-trail-cameras/
https://www.fieldandstream.com/blogs/bass-fishing/2010/03/cermele-protected-fish-video-cameras-and-morons/;https://www.fieldandstream.com/outdoor-gear/best-trail-cameras/
https://www.fieldandstream.com/blogs/hunting/2011/01/using-video-cameras-dog-training-tools/;https://www.fieldandstream.com/outdoor-gear/best-trail-cameras/
https://www.fieldandstream.com/blogs/hunting/2010/06/bait-trail-cams-mens-cologne-catch-big-cats-camera/;https://www.fieldandstream.com/outdoor-gear/best-trail-cameras/
https://www.fieldandstream.com/blogs/fishing/2010/11/going-high-risk-camera-hand/;https://www.fieldandstream.com/outdoor-gear/best-trail-cameras/
https://www.fieldandstream.com/blogs/gun-nuts/2010/09/bourjaily-candid-camera-iraqi-style/;https://www.fieldandstream.com/outdoor-gear/best-trail-cameras/
https://www.fieldandstream.com/articles/gear/fishing/1999/12/evertroll-trolling-motor-battery/;https://www.fieldandstream.com/outdoor-gear/best-trolling-motor-battery/
https://www.fieldandstream.com/articles/gear/2002/01/hennessy-expedition-hammock-evertroll-trolling-motor-battery/;https://www.fieldandstream.com/outdoor-gear/best-trolling-motor-battery/
https://www.fieldandstream.com/articles/fishing/more-freshwater/2002/07/one-touch-trolling/;https://www.fieldandstream.com/outdoor-gear/best-trolling-motor-battery/
https://www.fieldandstream.com/blogs/generation-wild/2009/04/turkey-calling-entrepreneur/;https://www.fieldandstream.com/outdoor-gear/best-turkey-calls/
https://www.fieldandstream.com/articles/hunting/2014/02/best-new-turkey-calls-2014/;https://www.fieldandstream.com/outdoor-gear/best-turkey-calls/
https://www.fieldandstream.com/articles/hunting/2014/03/how-purr-diaphragm-turkey-call/;https://www.fieldandstream.com/outdoor-gear/best-turkey-calls/
https://www.fieldandstream.com/pages/turkey-calling-champs-top-squawkers-do-late-night-television/;https://www.fieldandstream.com/outdoor-gear/best-turkey-calls/
https://www.fieldandstream.com/articles/hunting/2010/05/make-turkey-call-conditioner/;https://www.fieldandstream.com/outdoor-gear/best-turkey-calls/
https://www.fieldandstream.com/articles/hunting/1999/12/call-purr-fects-turkey-call/;https://www.fieldandstream.com/outdoor-gear/best-turkey-calls/
https://www.fieldandstream.com/articles/turkey-hunting-how-to-hunt-early-spring-turkeys/2013/03/turkey-hunting-fight-call-spring-gobblers/;https://www.fieldandstream.com/outdoor-gear/best-turkey-calls/
https://www.fieldandstream.com/blogs/the-gun-nuts/new-turkey-gear-primos-bamboozled-box-call/;https://www.fieldandstream.com/outdoor-gear/best-turkey-calls/
https://www.fieldandstream.com/blogs/the-gun-nuts/building-a-survival-fire-part-i/;https://www.fieldandstream.com/outdoor-gear/how-to-start-a-fire/
https://www.fieldandstream.com/blogs/the-gun-nuts/building-a-survival-fire-pt-2/;https://www.fieldandstream.com/outdoor-gear/how-to-start-a-fire/
https://www.fieldandstream.com/four-quick-survival-firemaking-tips/;https://www.fieldandstream.com/outdoor-gear/how-to-start-a-fire/
https://www.fieldandstream.com/articles/survival/2015/02/to-go-torch/;https://www.fieldandstream.com/outdoor-gear/how-to-start-a-fire/
https://www.fieldandstream.com/photos/gallery/kentucky/2006/10/seven-ways-start-fire-without-match-and-13-more-primitive-survival-s/;https://www.fieldandstream.com/outdoor-gear/how-to-start-a-fire/
https://www.fieldandstream.com/articles/tbd/2006/01/survival-skills-part-ii-fire/;https://www.fieldandstream.com/outdoor-gear/how-to-start-a-fire/
https://www.fieldandstream.com/articles/gear/2006/10/seven-ways-start-fire-without-match-and-13-more-primitive-survival-skills-coul/;https://www.fieldandstream.com/outdoor-gear/how-to-start-a-fire/
https://www.fieldandstream.com/blogs/the-gun-nuts/gunfight-friday-deer-hunting-handguns/;https://www.fieldandstream.com/story/guns/best-handguns/
https://www.fieldandstream.com/blogs/hunting/2010/02/discussion-topic-should-bowhunters-be-allowed-carry-handguns-protection/;https://www.fieldandstream.com/story/guns/best-handguns/
https://www.fieldandstream.com/articles/gear/2001/12/daypacks/;https://www.fieldandstream.com/story/outdoor-gear/best-day-pack/
https://www.fieldandstream.com/story/outdoor-gear/heated-gloves-keep-your-whole-hand-warm/;https://www.fieldandstream.com/story/outdoor-gear/best-hunting-gloves/
https://www.fieldandstream.com/story/outdoor-gear/best-new-bows-ata-trade-show-2020/;https://www.fieldandstream.com/story/outdoor-gear/best-new-crossbows-ata-trade-show/
https://www.fieldandstream.com/blogs/field-test/reader-test-ultralight-backcountry-tents/;https://www.fieldandstream.com/story/outdoor-gear/best-tents/
https://www.fieldandstream.com/blogs/field-notes/2011/07/kansas-woman-gives-birth-tent-fishing-trip/;https://www.fieldandstream.com/story/outdoor-gear/best-tents/
https://www.fieldandstream.com/story/outdoor-gear/select-you-next-family-sized-tent/;https://www.fieldandstream.com/story/outdoor-gear/best-tents/
https://www.fieldandstream.com/articles/gear/1999/12/gear-new-year-tent/;https://www.fieldandstream.com/story/outdoor-gear/best-tents/
https://www.fieldandstream.com/articles/gear/1999/12/paha-que-wilderness-pamo-valley-tent/;https://www.fieldandstream.com/story/outdoor-gear/best-tents/