URL,Last detected
https://futurism.com/video-intern-brooklyn-ny?amp,2022-11-01
https://futurism.com/neoscope/researchers-create-yeast-that-synthesizes-thc-and-cbd?amp,2022-11-01
https://futurism.com/tags/covid19/page/4?amp,2022-11-01
https://futurism.com/neoscope/microplastics-human-breastmilk?amp,2022-11-01
https://futurism.com/the-byte/watch-tesla-self-driving-steer-toward-oncoming-highway-traffic?amp,2022-11-01
https://futurism.com/measuring-the-cosmos-how-we-weigh-stars?amp,2022-11-01
https://futurism.com/neoscope/tags/martin-shkreli?amp,2022-11-01
https://futurism.com/the-byte/ultrasound-machines-100?amp,2022-11-01
https://futurism.com/climate-change-cause-todays-children-earn-less-adults?amp,2022-11-01
https://futurism.com/ubi-universal-basic-income-alternative?amp,2022-11-01
https://futurism.com/ethereum-could-be-using-more-than-a-countrys-worth-of-electricity?amp,2022-11-01
https://futurism.com/spacex-tank-treads?amp,2022-11-01
https://futurism.com/the-byte/governor-journalist-hacker-html?amp,2022-11-01
https://futurism.com/climate-change-could-wipe-out-one-third-of-parasite-species-by-2070?amp,2022-11-01
https://futurism.com/the-byte/tags/coronal-holes?amp,2022-11-01
https://futurism.com/earth-just-passed-410-ppm-carbon-dioxide-level-for-the-first-time-in-human-history?amp,2022-11-01
https://futurism.com/tags/pluto/page/2?amp,2022-10-31
https://futurism.com/the-byte/leaking-radiation-europe?amp,2022-10-31
https://futurism.com/the-byte/strange-plastic-crust-spreading?amp,2022-10-31
https://futurism.com/neoscope/tags/leather?amp,2022-10-31
https://futurism.com/robot-print-64000-house-little-eight-hours?amp,2022-10-31
https://futurism.com/expert-human-immortality-could-be-acquired-through-ai?amp,2022-10-31
https://futurism.com/unexplained-tug-on-cassinis-orbit-may-betray-the-long-reach-of-planet-nine?amp,2022-10-31
https://futurism.com/cleaning-car-exhaust-easier?amp,2022-10-31
https://futurism.com/tags/octopus?amp,2022-10-31
https://futurism.com/hurricanes-getting-more-severe-need-whole-new-category-describe-them?amp,2022-10-31
https://futurism.com/the-byte/tags/thc?amp,2022-10-31
https://futurism.com/neoscope/12-amazing-unsettling-historical-medical-images?amp,2022-10-31
https://futurism.com/dian-fossey-a-scientist-to-remember?amp,2022-10-31
https://futurism.com/images-london-evolution-2000-years?amp,2022-10-31
https://futurism.com/the-byte/spacex-employee-horribly-injured?amp,2022-10-31
https://futurism.com/tags/artificial-intelligence?amp,2022-10-31
https://futurism.com/neoscope/johnny-knoxville-brain-damage?amp,2022-10-31
https://futurism.com/electrical-stimulation-can-effectively-restore-movement-in-paralyzed-limbs?amp,2022-10-31
https://futurism.com/the-age-of-ai-what-you-need-to-know-to-prepare-for-synthetic-intelligence?amp,2022-10-31
https://futurism.com/the-byte/military-swarming-attack-drones-enemy-aircraft?amp,2022-10-31
https://futurism.com/the-byte/nasas-mars-helicopter-online-sent-back-photo?amp,2022-10-31
https://futurism.com/cell-free-crispr-cpf1?amp,2022-10-31
https://futurism.com/water-battery-change-way-harness-energy-sun?amp,2022-10-30
https://futurism.com/videos/pal-v-liberty-flying-car?amp,2022-10-30
https://futurism.com/the-byte/underwater-data-centers-microsoft?amp,2022-10-30
https://futurism.com/due-to-human-impact-the-earth-is-now-considered-a-hybrid-planet?amp,2022-10-30
https://futurism.com/author/bradj/page/7?amp,2022-10-30
https://futurism.com/easily-keep-your-email-private-with-the-highly-rated-startmail?amp,2022-10-30
https://futurism.com/the-byte/tags/rocosmos?amp,2022-10-30
https://futurism.com/keep-your-cannabis-secure-safe-and-organized-with-15-off-stori?amp,2022-10-30
https://futurism.com/chris-hadfield-we-should-settle-on-the-moon-before-mars?amp,2022-10-30
https://futurism.com/a-doctor-claims-to-have-found-a-cure-for-a-deadly-disease-that-impacts-millions?amp,2022-10-30
https://futurism.com/water-bears-could-one-day-outlive-everything-except-the-sun-itself?amp,2022-10-30
https://futurism.com/ivf-northern-white-rhino-extinct?amp,2022-10-30
https://futurism.com/googles-ai-is-a-new-paradigm-that-unites-humans-and-machines?amp,2022-10-30
https://futurism.com/virtual-reality-film-experience-received-first-oscar-vr?amp,2022-10-30
https://futurism.com/transplants-of-genetically-modified-pig-organs-for-humans-could-happen-within-two-years?amp,2022-10-30
https://futurism.com/at-home-lab-tests-that-use-data-to-measure-sleep-stress-energy-and-diet?amp,2022-10-30
https://futurism.com/the-byte/james-webb-pillars-of-creation?amp,2022-10-30
https://futurism.com/spoiler-alert-blockchain-is-about-far-more-than-just-crypto?amp,2022-10-30
https://futurism.com/autonomous-cars-driving-our-streets-welcome-2018?amp,2022-10-30
https://futurism.com/the-byte/zuck-metaverse-singularity?amp,2022-10-30
https://futurism.com/fda-approves-first-prescription-video-game?amp,2022-10-30
https://futurism.com/expert-predicts-bitcoin-will-be-worth-up-to-20000-in-the-next-three-years?amp,2022-10-30
https://futurism.com/videos/2015-breakthrough-prize-ceremony?amp,2022-10-30
https://futurism.com/the-byte/zuckerbergs-metaverse-legs-executives?amp,2022-10-30
https://futurism.com/people-attacking-driverless-cars-california?amp,2022-10-30
https://futurism.com/neoscope/tags/compound-516?amp,2022-10-30
https://futurism.com/when-will-we-have-a-cure-for-all-forms-of-cancer?amp,2022-10-30
https://futurism.com/how-do-we-regulate-research-that-could-be-used-for-evil?amp,2022-10-30
https://futurism.com/eastern-puma-declared-extinct?amp,2022-10-30
https://futurism.com/silk-spun-by-graphene-fed-spiders-is-one-of-the-strongest-materials-on-earth?amp,2022-10-30
https://futurism.com/what-would-failed-falcon-heavy-launch-mean-spacex?amp,2022-10-30
https://futurism.com/a-faster-internet-terabit-networking-was-just-successfully-tested?amp,2022-10-30
https://futurism.com/scientists-modify-viruses-with-crispr-to-kill-antibiotic-resistant-bacteria?amp,2022-10-30
https://futurism.com/the-byte/nasa-asteroid-dart-twin-tails?amp,2022-10-30
https://futurism.com/the-byte/tags/snake?amp,2022-10-30
https://futurism.com/researchers-have-just-discovered-the-tiniest-star-known-to-science?amp,2022-10-30
https://futurism.com/double-face-transplant-surgery?amp,2022-10-30
https://futurism.com/scientists-create-ingredients-life-nuked-comet?amp,2022-10-30
https://futurism.com/blockchain-company-gives-out-money-begs?amp,2022-10-30
https://futurism.com/googles-ai-fight-club-will-train-systems-to-defend-against-future-cyberattacks?amp,2022-10-30
https://futurism.com/watch-your-mouth-googles-deepmind-ai-can-outperform-professional-lip-readers?amp,2022-10-30
https://futurism.com/major-firm-announces-its-replacing-its-employees-with-a-i?amp,2022-10-30
https://futurism.com/google-is-adding-the-power-of-augmented-reality-to-your-smartphone?amp,2022-10-30
https://futurism.com/worlds-first-fully-solar-powered-train-left-station?amp,2022-10-30
https://futurism.com/elon-musk-is-officially-sending-humans-to-mars-in-2024?amp,2022-10-30
https://futurism.com/future-quantum-computer?amp,2022-10-30
https://futurism.com/oxford-scientists-suggest-that-aliens-arent-extinct-just-hibernating?amp,2022-10-30
https://futurism.com/elon-musk-almost-all-cars-produced-will-be-autonomous-in-10-years?amp,2022-10-30
https://futurism.com/pakistan-underwater-flooding-climate-environment?amp,2022-10-30
https://futurism.com/study-reveals-how-the-brain-creates-maps-to-help-us-navigate-familiar-locations?amp,2022-10-30
https://futurism.com/scientists-just-created-stunning-warped-worlds-in-virtual-reality?amp,2022-10-30
https://futurism.com/the-byte/ai-anime-character?amp,2022-10-30
https://futurism.com/neoscope/weed-wrecks-vision-research?amp,2022-10-30
https://futurism.com/the-byte/tags/vrchat?amp,2022-10-30
https://futurism.com/robots-are-preparing-to-fill-200000-vacant-construction-jobs?amp,2022-10-29
https://futurism.com/mars-water-may-boiling?amp,2022-10-29
https://futurism.com/a-galaxy-5-billion-light-years-away-just-taught-us-something-new-about-the-universe?amp,2022-10-29
https://futurism.com/triboelectric-charging-gadgets-body-movement?amp,2022-10-29
https://futurism.com/could-an-ai-ever-be-elected-president?amp,2022-10-29
https://futurism.com/tags/swatting?amp,2022-10-29
https://futurism.com/contribute?amp,2022-10-29
https://futurism.com/fully-electric-tesla-canals-set-make-maiden-voyage-summer?amp,2022-10-29
https://futurism.com/nasa-is-finally-going-to-wake-up-the-new-horizons-spacecraft?amp,2022-10-29
https://futurism.com/these-six-startups-from-y-combinators-demo-day-1-are-ready-to-transform-our-world?amp,2022-10-29
https://futurism.com/omnidirectional-virtual-reality-treadmill-to-go-on-sale-soon?amp,2022-10-29
https://futurism.com/sports-cheating-gene-doping?amp,2022-10-29
https://futurism.com/new-report-claims-ubi-would-grow-the-u-s-economy-by-2-5-trillion?amp,2022-10-29
https://futurism.com/neoscope/memory-propranolol-therapy?amp,2022-10-29
https://futurism.com/a-breakthrough-ai-can-now-predict-which-babies-will-develop-autism?amp,2022-10-28
https://futurism.com/this-robot-works-500-faster-than-humans-and-it-puts-thousands-of-jobs-at-risk?amp,2022-10-28
https://futurism.com/spacex-competitor-blue-origin-reveals-its-massive-new-rocket-engine?amp,2022-10-28
https://futurism.com/neoscope/getting-sleep-but-still-exhausted-science-says-youre-not-alone?amp,2022-10-28
https://futurism.com/videos/oxfords-new-software-lets-autonomous-vehicles-learn?amp,2022-10-28
https://futurism.com/singularity-countdown-future-affiliate?amp,2022-10-28
https://futurism.com/leaked-emails-appear-to-instruct-usda-staff-not-to-use-climate-change-and-related-terms?amp,2022-10-28
https://futurism.com/study-of-111-deceased-nfl-players-brains-reveals-110-had-the-degenerative-disease-cte?amp,2022-10-28
https://futurism.com/the-byte/analysts-mark-zuckerberg-error?amp,2022-10-27
https://futurism.com/neoscope/lab-on-a-chip-wearable-technology-could-help-detect-disease?amp,2022-10-27
https://futurism.com/the-byte/elon-musk-semi-rollout-this-year?amp,2022-10-27
https://futurism.com/young-blood-combat-aging-thanks-just-one-protein?amp,2022-10-27
https://futurism.com/telescope-upgrades-will-allow-scientists-to-see-13-billion-years-into-the-universes-past?amp,2022-10-27
https://futurism.com/2d-graphene-islands-future-device-fabrication?amp,2022-10-27
https://futurism.com/starship-travel-mars-dozen?amp,2022-10-27
https://futurism.com/lg-unveils-worlds-fastest-wireless-charger-fast-wired-charging?amp,2022-10-27
https://futurism.com/tags/sls/page/2?amp,2022-10-27
https://futurism.com/neoscope/woman-gives-birth-tesla-nyc-traffic?amp,2022-10-27
https://futurism.com/a-clever-new-hypothesis-could-explain-the-elusive-nature-of-dark-matter?amp,2022-10-27
https://futurism.com/james-webb-first-direct-image-exoplanet?amp,2022-10-27
https://futurism.com/life-may-have-emerged-on-earth-earlier-than-we-previously-thought?amp,2022-10-27
https://futurism.com/a-dutch-study-claims-to-project-the-maximum-human-lifespan?amp,2022-10-27
https://futurism.com/neoscope/tags/cosmic-microwave-background-radiation?amp,2022-10-27
https://futurism.com/neoscope/tags/masturbation?amp,2022-10-27
https://futurism.com/new-computer-code-sheds-light-on-early-universe?amp,2022-10-27
https://futurism.com/tags/bill-gates/page/2?amp,2022-10-27
https://futurism.com/videos/science-fiction-becomes-science-fact-comparing-jules-verne-to-apollo-11?amp,2022-10-27
https://futurism.com/neoscope/blind-vision-gene-hacking?amp,2022-10-27
https://futurism.com/medical-first-doctor-performs-open-heart-surgery-street?amp,2022-10-27
https://futurism.com/author/lizzy-briskin?amp,2022-10-27
https://futurism.com/calculations-fusion-energy-reality?amp,2022-10-27
https://futurism.com/tesla-returns-autopilot-features-outrage?amp,2022-10-27
https://futurism.com/tech-may-widen-the-gap-between-rich-and-poor?amp,2022-10-27
https://futurism.com/fake-meat-thanksgiving?amp,2022-10-27
https://futurism.com/teslas-new-deadline-500000-cars-year-2018-two-years-sooner-planned?amp,2022-10-27
https://futurism.com/hydrogen-fuel-could-become-a-viable-energy-alternative-thanks-to-this-aluminum-alloy?amp,2022-10-27
https://futurism.com/the-digest-hackers-are-stealing-sensitive-documents-from-the-u-s-military-and-selling-them?amp,2022-10-27
https://futurism.com/the-byte/riaa-ai-music-generators?amp,2022-10-27
https://futurism.com/the-byte/tags/hurricane-ian?amp,2022-10-27
https://futurism.com/author/aylin?amp,2022-10-27
https://futurism.com/in-science-there-are-no-alternative-facts?amp,2022-10-27
https://futurism.com/climate-change-going-drive-thousands-refugees-cooler-countries?amp,2022-10-27
https://futurism.com/the-byte/ai-spot-fake-news?amp,2022-10-27
https://futurism.com/virgin-orbit-dropped-rocket-jumbo-jet?amp,2022-10-27
https://futurism.com/the-ventifresh-eco-uses-nasa-inspired-tech-to-eliminate-odor-and-airborne-germs?amp,2022-10-27
https://futurism.com/videos/reimagining-future-finance-fluidity?amp,2022-10-27
https://futurism.com/neoscope/tags/france?amp,2022-10-27
https://futurism.com/neoscope/ice-bucket-challenge-als-medicine?amp,2022-10-27
https://futurism.com/apple-just-got-approved-to-test-its-autonomous-cars-on-real-roads?amp,2022-10-27
https://futurism.com/app-karaoke-speaking-new-languages?amp,2022-10-27
https://futurism.com/prosthetic-memory-system-electrode-wait?amp,2022-10-27
https://futurism.com/plastic-eating-caterpillars-could-help-bring-an-end-to-pollution?amp,2022-10-27
https://futurism.com/scientists-invent-a-new-steel-as-strong-as-titanium?amp,2022-10-27
https://futurism.com/the-byte/tags/monkey?amp,2022-10-27
https://futurism.com/the-byte/floyd-mayweather-bunny-nfts?amp,2022-10-27
https://futurism.com/neoscope/tags/amy-webb?amp,2022-10-27
https://futurism.com/deepfake-footage-new-york-cubist-painting?amp,2022-10-27
https://futurism.com/images/the-evolution-of-human-understanding-of-the-universe-infographic?amp,2022-10-27
https://futurism.com/elon-musk-starship-next-month?amp,2022-10-27
https://futurism.com/covid-survivors-memory-loss-brain-fog?amp,2022-10-27
https://futurism.com/flying-cars-tethered-power-lines?amp,2022-10-27
https://futurism.com/crazy-high-arctic-temperatures?amp,2022-10-27
https://futurism.com/russia-sending-actor-space-before-tom-cruise?amp,2022-10-27
https://futurism.com/what-we-can-learn-from-finlands-basic-income-experiment?amp,2022-10-27
https://futurism.com/genetically-modified-algae-key-tomorrows-bio-solar-cells?amp,2022-10-27
https://futurism.com/neoscope/urologist-vasectomy-rivian-truck?amp,2022-10-26
https://futurism.com/scientist-speechless-opening-hayabusa-2-asteroid-samples?amp,2022-10-26
https://futurism.com/neoscope/who-chief-appalled-hoarding-covid-vaccines?amp,2022-10-26
https://futurism.com/back-up-everything-in-your-life-with-10tb-of-cloud-storage-thats-95-off?amp,2022-10-26
https://futurism.com/the-byte/tags/messier-87?amp,2022-10-26
https://futurism.com/the-byte/tags/stardust?amp,2022-10-26
https://futurism.com/tags/flying-car/page/2?amp,2022-10-26
https://futurism.com/the-byte/ford-announces-petrol-fragrance?amp,2022-10-26
https://futurism.com/this-puzzle-could-reveal-the-key-to-human-consciousness?amp,2022-10-26
https://futurism.com/neoscope/psychedelic-church-oakland-police-lawsuit?amp,2022-10-26
https://futurism.com/apple-founder-says-tesla-not-apple-will-create-the-next-breakthrough-technology?amp,2022-10-26
https://futurism.com/astronaut-spacex-ride-not-smooth-space-shuttle?amp,2022-10-26
https://futurism.com/theres-a-100-million-plan-to-make-a-synthetic-spinal-cord-to-end-paralysis?amp,2022-10-26
https://futurism.com/tags/international-space-station/page/15?amp,2022-10-26
https://futurism.com/neoscope/tags/big-tech?amp,2022-10-26
https://futurism.com/spacex-just-laid-out-a-plan-to-give-everyone-internet-access?amp,2022-10-26
https://futurism.com/the-byte/tags/helical-engine?amp,2022-10-26
https://futurism.com/the-byte/tags/turkey?amp,2022-10-26
https://futurism.com/the-byte/tags/mammals?amp,2022-10-26
https://futurism.com/neoscope/scientists-genetic-mutations-every-astronaut-blood-sample?amp,2022-10-26
https://futurism.com/the-byte/korean-artificial-sun-fusion-reactor-sets-world-record?amp,2022-10-25
https://futurism.com/videos/here-are-credit-card-sized-battery-packs?amp,2022-10-25
https://futurism.com/nasa-head-slams-united-states-for-shameful-space-junk?amp,2022-10-25
https://futurism.com/earthquake-swarm-shakes-mount-st-helens?amp,2022-10-24
https://futurism.com/epa-low-doses-toxins-healthy?amp,2022-10-24
https://futurism.com/black-holes-to-merge-in-100000-years-in-an-explosion-to-rival-100-million-supernovae?amp,2022-10-24
https://futurism.com/scientists-find-dna-building-blocks-in-asteroids?amp,2022-10-24
https://futurism.com/the-byte/tags/environmental-protections?amp,2022-10-24
https://futurism.com/neoscope/tattoo-brain-reading-electrodes-skull?amp,2022-10-24
https://futurism.com/experimental-robot-runs-5k?amp,2022-10-24
https://futurism.com/tags/bottled-water?amp,2022-10-23
https://futurism.com/creator-of-google-deepmind-terminator-is-an-extremely-unrealistic-example-of-ai?amp,2022-10-23
https://futurism.com/trust-artificial-intelligence-ibm?amp,2022-10-23
https://futurism.com/neoscope/tags/street-view?amp,2022-10-23
https://futurism.com/best-antivirus-software?amp,2022-10-23
https://futurism.com/videos/physics-quantum-levitation?amp,2022-10-23
https://futurism.com/russia-drilling-liquefied-natural-gas?amp,2022-10-23
https://futurism.com/the-byte/tags/grimes?amp,2022-10-23
https://futurism.com/tags/tire?amp,2022-10-23
https://futurism.com/the-byte/tags/deepfake?amp,2022-10-23
https://futurism.com/can-dam-failures-like-puerto-ricos-guajataca-be-prevented?amp,2022-10-23
https://futurism.com/the-future-of-real-estate-shopping-is-here?amp,2022-10-23
https://futurism.com/videos/physics-in-action-the-magnus-effect?amp,2022-10-23
https://futurism.com/videos/this-device-can-print-on-almost-any-surface?amp,2022-10-23
https://futurism.com/the-first-truly-applicable-hologram-tech-is-here?amp,2022-10-23
https://futurism.com/expert-argues-that-gene-editing-will-widen-economic-class-gap?amp,2022-10-23
https://futurism.com/china-graves-dead-jars-eco-burials?amp,2022-10-23
https://futurism.com/neoscope/ultrasound-machines-100?amp,2022-10-23
https://futurism.com/nist-study-quantum-computers-will-make-current-cryptography-obsolete?amp,2022-10-23
https://futurism.com/how-to-stay-focused-at-work-and-meetings-using-ai-2?amp,2022-10-23
https://futurism.com/ibm-just-committed-240-million-to-the-future-of-artificial-intelligence?amp,2022-10-23
https://futurism.com/best-hangover-cure-blowfish-2019?amp,2022-10-23
https://futurism.com/this-watch-changes-your-perception-of-time?amp,2022-10-23
https://futurism.com/planetary-resources-gets-new-12m-investment-to-mine-asteroids?amp,2022-10-23
https://futurism.com/want-your-steak-to-taste-better-cloning-cattle-might-be-the-answer?amp,2022-10-23
https://futurism.com/australia-produces-enough-renewable-energy-to-power-70-of-homes?amp,2022-10-23
https://futurism.com/amazons-alexa-helps-this-exoskeleton-respond-to-spoken-instructions?amp,2022-10-23
https://futurism.com/the-byte/tags/gene-roddenberry?amp,2022-10-22
https://futurism.com/videos/lack-access-electricity-sustainable-energy?amp,2022-10-22
https://futurism.com/neoscope/tags/ivy-plasma?amp,2022-10-22
https://futurism.com/no-electricity-no-problem-with-these-backup-solutions-on-sale-ahead-of-black-friday?amp,2022-10-22
https://futurism.com/the-relationship-of-the-future-a-man-married-a-robot-he-built-himself?amp,2022-10-22
https://futurism.com/the-byte/tags/super-heavy-stack?amp,2022-10-22
https://futurism.com/elon-musk-peek-inside-starship-factory?amp,2022-10-22
https://futurism.com/neoscope/new-p1-coronavirus-strain-reinfect-covid?amp,2022-10-22
https://futurism.com/russian-cosmonauts-go-walk-space?amp,2022-10-22
https://futurism.com/viral-insulin-fish-diabetes-cancer?amp,2022-10-22
https://futurism.com/the-worlds-largest-artificial-sun-is-powering-up-in-germany?amp,2022-10-22
https://futurism.com/the-byte/tags/skyscrapers?amp,2022-10-21
https://futurism.com/videos/can-something-get-so-hot-that-it-cant-get-any-hotter?amp,2022-10-21
https://futurism.com/science2015info?amp,2022-10-21
https://futurism.com/videos/meet-the-first-robot-to-closely-mimic-a-salamander?amp,2022-10-21
https://futurism.com/uk-drink-sewage-water?amp,2022-10-21
https://futurism.com/regenerative-bandage-heals-wounds-4x-faster-than-a-standard-bandage?amp,2022-10-21
https://futurism.com/the-byte/tags/avenir-telecom?amp,2022-10-21
https://futurism.com/neoscope/martin-shkreli-crypto-investigation?amp,2022-10-21
https://futurism.com/heres-will-look-like-autonomous-cars-render-traffic-lights-obsolete?amp,2022-10-21
https://futurism.com/the-byte/tags/rabbit?amp,2022-10-21
https://futurism.com/the-byte/tags/sex-dolls?amp,2022-10-21
https://futurism.com/darpa-seeks-to-create-software-systems-that-could-last-100-years?amp,2022-10-21
https://futurism.com/the-byte/dead-mars-rover-didnt-say-battery-thing?amp,2022-10-21
https://futurism.com/the-byte/scientists-warn-of-megaflood-that-could-drown-california?amp,2022-10-21
https://futurism.com/the-byte/pugs-grotesque-health-dogs?amp,2022-10-20
https://futurism.com/googles-go-playing-ai-just-beat-the-worlds-strongest-human-player?amp,2022-10-20
https://futurism.com/the-age-of-blockchain-crypto-has-a-major-problem?amp,2022-10-20
https://futurism.com/nasas-chief-scientist-predicts-signs-of-alien-life-will-be-found-by-2025?amp,2022-10-20
https://futurism.com/the-byte/startup-seaweed-straws-like-plastic?amp,2022-10-20
https://futurism.com/the-byte/startup-turns-unrecyclable-plastic-into-giant-indestructible-construction-bricks?amp,2022-10-19
https://futurism.com/antarctica-microplastics?amp,2022-10-19
https://futurism.com/the-byte/elon-musk-people-populate-mars?amp,2022-10-19
https://futurism.com/the-byte/tags/train?amp,2022-10-19
https://futurism.com/genome-research-plants-human-disease?amp,2022-10-19
https://futurism.com/biologist-deliberately-infects-himself-50-hookworms?amp,2022-10-19
https://futurism.com/wall-street-expert-predicts-bitcoin-will-reach-55000-in-5-years?amp,2022-10-19
https://futurism.com/lack-access-to-morphine-25-million-die-pain-year?amp,2022-10-19
https://futurism.com/researchers-think-aliens-might-use-laser-beams-to-communicate-with-earth?amp,2022-10-19
https://futurism.com/neoscope/new-app-lumenate-trip-lsd?amp,2022-10-19
https://futurism.com/new-emotion-detection-software-lets-people-read-micro-expressions?amp,2022-10-19
https://futurism.com/corkscrew-planets-spiral-back-and-forth-between-two-stars?amp,2022-10-19
https://futurism.com/brain-implants-restoring-memory-with-a-microchip?amp,2022-10-19
https://futurism.com/the-byte/tags/tiangong?amp,2022-10-19
https://futurism.com/videos/these-spiders-turn-your-living-into-a-robot-battleground?amp,2022-10-19
https://futurism.com/apple-announces-2b-global-command-center-in-az?amp,2022-10-19
https://futurism.com/videos/virtual-reality-horror-game-affected-with-the-cyberith-virtualizer-and-the-oculus-rift?amp,2022-10-19
https://futurism.com/tags/pluto?amp,2022-10-19
https://futurism.com/video?amp,2022-10-19
https://futurism.com/rogue-antimatter-found-in-thunderclouds?amp,2022-10-19
https://futurism.com/neoscope/elizabeth-holmes-theranos-problems?amp,2022-10-19
https://futurism.com/the-byte/tags/dimensions?amp,2022-10-19
https://futurism.com/the-byte/tags/minecraft?amp,2022-10-19
https://futurism.com/videos/goliath-small-portable-robot-acts-full-scale-carpenter?amp,2022-10-19
https://futurism.com/donald-trump-proposes-covering-mexican-border-wall-with-solar-panels?amp,2022-10-19
https://futurism.com/brains-boost-creativity-tes?amp,2022-10-19
https://futurism.com/just-72-hours-computer-learned-beat-nearly-anyone-chess?amp,2022-10-19
https://futurism.com/facebook-libra-cryptocurrency?amp,2022-10-19
https://futurism.com/neoscope/medical-video-game-improves-doctors-ability-recognize-trauma?amp,2022-10-19
https://futurism.com/videos/watch-when-will-we-run-out-of-names?amp,2022-10-19
https://futurism.com/the-byte/engineer-blue-origin-spacex?amp,2022-10-19
https://futurism.com/nasa-fixes-hubble-space-telescope?amp,2022-10-19
https://futurism.com/elon-musks-simple-message-on-why-climate-change-is-real?amp,2022-10-19
https://futurism.com/neoscope/tags/drugs?amp,2022-10-19
https://futurism.com/videos/bill-gates-elon-musk-and-robin-li-on-the-threat-of-ai?amp,2022-10-19
https://futurism.com/the-byte/tags/tattoo?amp,2022-10-19
https://futurism.com/neoscope/tags/gene-hacking?amp,2022-10-19
https://futurism.com/financial-planner-bitcoin-crash?amp,2022-10-19
https://futurism.com/autonomous-vehicles-modular?amp,2022-10-19
https://futurism.com/microsoft-is-working-to-make-virtual-assistants-more-multilingual-and-more-human?amp,2022-10-19
https://futurism.com/neoscope/tags/ozzy-osbourne?amp,2022-10-19
https://futurism.com/videos/the-shirt-with-a-sixth-sense-for-air-pollution?amp,2022-10-19
https://futurism.com/microsoft-pope-ethical-ai?amp,2022-10-19
https://futurism.com/neoscope/tags/heart-transplants?amp,2022-10-19
https://futurism.com/neoscope/who-global-emergency-monkeypox?amp,2022-10-19
https://futurism.com/neoscope/tags/supreme-court?amp,2022-10-19
https://futurism.com/neoscope/tags/heart?amp,2022-10-19
https://futurism.com/stanford-study-earth-on-its-way-to-warmest-temperatures-in-more-than-120000-years?amp,2022-10-19
https://futurism.com/the-byte/tags/adversarial-ai?amp,2022-10-19
https://futurism.com/fight-back-against-privacy-invaders-with-59-off-optery?amp,2022-10-19
https://futurism.com/the-byte/shocking-brain-reduces-violence?amp,2022-10-19
https://futurism.com/interview-roman-yampolskiy-discusses-artificial-intelligence-killer-robots-and-the-age-of-the-machine?amp,2022-10-19
https://futurism.com/machine-learning-is-aiding-in-the-fight-against-mental-illness?amp,2022-10-19
https://futurism.com/videos/a-ban-on-humananimal-hybrids-has-been-lifted?amp,2022-10-19
https://futurism.com/week-science-sept-29-oct-5?amp,2022-10-19
https://futurism.com/ieee-just-published-the-first-draft-report-on-how-to-make-an-ethically-aligned-ai?amp,2022-10-19
https://futurism.com/author/joshuafqtq?amp,2022-10-19
https://futurism.com/consider-becoming-data-analyst-start?amp,2022-10-19
https://futurism.com/the-byte/astronomers-slam-spacex-growing-starlink-satellite-constellation?amp,2022-10-19
https://futurism.com/politicians-and-scientists-are-concerned-about-president-trumps-pick-for-nasa-leader?amp,2022-10-19
https://futurism.com/the-worlds-most-advanced-wireless-earphones-are-here?amp,2022-10-19
https://futurism.com/the-byte/tags/marfan-syndrome?amp,2022-10-19
https://futurism.com/neoscope/face-mask-pac-man-mouth-hole?amp,2022-10-19
https://futurism.com/the-byte/walmart-removes-toy-cocaine?amp,2022-10-19
https://futurism.com/are-catastrophic-disasters-striking-more-often?amp,2022-10-19
https://futurism.com/social-media-personalization-intellifluence?amp,2022-10-19
https://futurism.com/videos/the-worlds-first-drone-equipped-with-robotic-arms?amp,2022-10-19
https://futurism.com/a-biohacker-put-an-implant-in-his-hand-to-pay-for-public-transport?amp,2022-10-19
https://futurism.com/new-research-suggests-water-was-recently-flowing-on-mars?amp,2022-10-19
https://futurism.com/brain-hacks-neuroscience-courses?amp,2022-10-19
https://futurism.com/videos/interview-with-googles-ai-and-deep-learning-godfather-geoffrey-hinton?amp,2022-10-19
https://futurism.com/neoscope/tags/blood-transfusions?amp,2022-10-19
https://futurism.com/author/william-briskin?amp,2022-10-19
https://futurism.com/mit-scientist-asserts-that-we-will-have-fusion-energy-by-2030?amp,2022-10-19
https://futurism.com/rogue-infant-planet-found-lurking-solar-neighborhood?amp,2022-10-19
https://futurism.com/guardbot-the-all-around-robot-sentry-of-the-future?amp,2022-10-19
https://futurism.com/videos/ai-developed-stanford-predict-voting?amp,2022-10-19
https://futurism.com/a-new-brain-interface-device-lets-you-control-animals-with-your-thoughts?amp,2022-10-19
https://futurism.com/mars-rover-collect-rock-fails?amp,2022-10-18
https://futurism.com/grimes-chelsea-manning-together?amp,2022-10-18
https://futurism.com/speed-reading-memory-mastery-bundle?amp,2022-10-18
https://futurism.com/categories/neuroscience-brain-science/page/3?amp,2022-10-18
https://futurism.com/the-byte/tags/rocket-man?amp,2022-10-18
https://futurism.com/videos/these-tires-can-even-climb-stairs?amp,2022-10-18
https://futurism.com/new-lego-inspired-electronics-could-make-the-field-more-accessible-and-efficient?amp,2022-10-18
https://futurism.com/report-the-u-s-will-exceed-its-paris-accord-goals-despite-trumps-official-withdrawal?amp,2022-10-18
https://futurism.com/the-byte/elon-musk-roasts-jeff-bezos?amp,2022-10-18
https://futurism.com/tags/nft?amp,2022-10-17
https://futurism.com/parents-crowdfund-ashes-moon?amp,2022-10-17
https://futurism.com/end-to-illness-machine-learning-is-revolutionizing-how-we-prevent-disease?amp,2022-10-16
https://futurism.com/the-byte/heaviest-element-exoplanet-atmosphere?amp,2022-10-15
https://futurism.com/worlds-most-powerful-resistive-magnet-assist-research-many-fields?amp,2022-10-15
https://futurism.com/images/the-entire-history-of-bitcoin-in-a-single-infographic?amp,2022-10-15
https://futurism.com/videos/capture-and-fight-pokemon-with-pokelens-for-hololens?amp,2022-10-15
https://futurism.com/the-byte/tags/tiger?amp,2022-10-14
https://futurism.com/the-byte/nasa-snaps-photo-epic-dust-devil-surface-mars?amp,2022-10-14
https://futurism.com/rivers-dams-fish?amp,2022-10-14
https://futurism.com/military-emergency-coronavirus-money-buy-weapons?amp,2022-10-14
https://futurism.com/author/mia-huelsbeck?amp,2022-10-14
https://futurism.com/neoscope/tags/sonic-hedgehog?amp,2022-10-14
https://futurism.com/scientists-find-two-natural-genes-in-our-cells-that-can-combat-hiv?amp,2022-10-14
https://futurism.com/worlds-largest-carbon-capture-plant-set-to-suck-greenhouse-gasses-from-the-atmosphere?amp,2022-10-14
https://futurism.com/genes-responsible-for-limb-regeneration-in-crickets-identified?amp,2022-10-14
https://futurism.com/college-students-built-car-gets-2585-miles-per-gallon?amp,2022-10-14
https://futurism.com/spacex-gets-nasas-approval-for-manned-space-missions?amp,2022-10-14
https://futurism.com/neoscope/tags/parasitic-twin?amp,2022-10-13
https://futurism.com/the-byte/tags/burial-alternatives?amp,2022-10-13
https://futurism.com/neoscope/bacteria-screening-test-columbia?amp,2022-10-13
https://futurism.com/science-fiction-meets-science-fact-a-real-life-iron-man-suit?amp,2022-10-11
https://futurism.com/not-just-for-gaming-virtual-reality-meditation-helps-women-through-labor-pains?amp,2022-10-11
https://futurism.com/former-jeff-bezos-space-employee?amp,2022-10-11
https://futurism.com/microsoft-facial-recognition-regulation?amp,2022-10-11
https://futurism.com/the-byte/tags/projekt-melody?amp,2022-10-10
https://futurism.com/credible-refinance-student-loans?amp,2022-10-10
https://futurism.com/neoscope/tags/nanokicking?amp,2022-10-08
https://futurism.com/neoscope/vape-ban-hoard-juul-pods?amp,2022-10-08
https://futurism.com/get-the-worlds-smallest-astronomy-camera?amp,2022-10-08
https://futurism.com/videos/future-cities-overpopulation-sponsored?amp,2022-10-08
https://futurism.com/images/nikola-tesla-everything-you-need-to-know-about-the-man-behind-the-science?amp,2022-10-08
https://futurism.com/nasa-skunkworks-team-wants-deliver-6u-cubesat?amp,2022-10-07
https://futurism.com/miniature-surgery-robot-inspired-origami?amp,2022-10-06
https://futurism.com/read-more-12min-microbook-library?amp,2022-10-05
https://futurism.com/china-spacecraft-astronauts-moon?amp,2022-09-29
https://futurism.com/nasa-crew-1-spacex-launch-date?amp,2022-09-29
https://futurism.com/the-byte/space-station-russia-debris?amp,2022-09-28
https://futurism.com/neoscope/bionic-eye-implants-expire?amp,2022-09-23
https://futurism.com/the-byte/guy-accidentally-took-photo-crashes-android-smartphones?amp,2022-09-21
https://futurism.com/images/hipster-lab-grown-meat-cartoon14?amp,2022-09-20
https://futurism.com/tags/tesla/page/43?amp&paged=42,2022-09-18
https://futurism.com/coronavirus-killed-china-more-than-sars?amp,2022-09-17
https://futurism.com/baldness-cured-rich?amp,2022-09-06
https://futurism.com/grumpy-cat-dead-clone?amp,2022-09-04
https://futurism.com/tags/tesla/page/5?amp&paged=4,2022-08-29
https://futurism.com/tags/hypersonic-weapons?amp,2022-08-25
https://futurism.com/tags/ai/page/5?amp,2022-08-22
https://futurism.com/tags/robot/page/3?amp,2022-08-20
https://futurism.com/the-byte/nasa-posts-bikini-picture?amp,2022-08-14
https://futurism.com/the-byte/mars-door-zoomed-out?amp,2022-08-13
https://futurism.com/the-byte/frb-scream?amp,2022-08-11
https://futurism.com/the-byte/robots-weave-fiberglass-structures?amp,2022-07-25
https://futurism.com/the-byte/something-bizarre-alaska-mountain?amp,2022-07-22
https://futurism.com/video-intern-brooklyn-ny/amp,2022-04-13
https://futurism.com/black-mirror-creator-world-too-stressed-out-new-episodes/amp,2022-01-10
https://futurism.com/astronauts-could-use-tv-video-games-to-combat-isolation-in-space/amp/,2021-10-22
https://futurism.com/boston-dynamics-spotmini-robot/amp,2019-12-19
https://futurism.com/we-may-finally-get-a-picture-of-a-black-hole/amp,2019-10-17
