Adobe,https://www.popphoto.com/tags/adobe/
Auction,https://www.popphoto.com/tags/auctions/
Business,https://www.popphoto.com/tags/business/
Canon,https://www.popphoto.com/tags/canon/
Climate,https://www.popphoto.com/tags/climate/
Columns,https://www.popphoto.com/tags/columns
Commerce,https://www.popphoto.com/tags/commerce/
Composition,https://www.popphoto.com/tags/composition/
Computational Photography,https://www.popphoto.com/tags/computational-photography/
Darkroom,https://www.popphoto.com/tags/darkroom/
DIY,https://www.popphoto.com/tags/diy/
DJI,https://www.popphoto.com/tags/dji/
Evergreen,https://www.popphoto.com/tags/evergreen/
Exposure,https://www.popphoto.com/tags/exposure/
Fujifilm,https://www.popphoto.com/tags/fujifilm/
GoPro,https://www.popphoto.com/tags/gopro/
History,https://www.popphoto.com/tags/history/
Interview,https://www.popphoto.com/tags/interview/
ISO,https://www.popphoto.com/tags/iso/
Kodak,https://www.popphoto.com/tags/kodak/
Leica,https://www.popphoto.com/tags/leica/
Medium format,https://www.popphoto.com/tags/medium-format/
Mentor Series,https://www.popphoto.com/tags/mentor-series/
Nikon,https://www.popphoto.com/tags/nikon/
NoAds,https://www.popphoto.com/tags/noads
Nota,https://www.popphoto.com/tags/nota/
Olympus,https://www.popphoto.com/tags/olympus/
Panasonic,https://www.popphoto.com/tags/panasonic/
Performance,https://www.popphoto.com/tags/performance/
Photo Books,https://www.popphoto.com/tags/photo-books/
Photo Paper,https://www.popphoto.com/tags/photo-paper/
PopFollows,https://www.popphoto.com/tags/popfollows/
Posing,https://www.popphoto.com/tags/posing/
Printing,https://www.popphoto.com/tags/printing/
Reviews,https://www.popphoto.com/tags/reviews/
Ricoh,https://www.popphoto.com/tags/ricoh/
Roundup,https://www.popphoto.com/tags/roundup/
Sample images,https://www.popphoto.com/tags/sample-images/
Sandisk,https://www.popphoto.com/tags/sandisk/
Sigma,https://www.popphoto.com/tags/sigma/
Smarter Image,https://www.popphoto.com/tags/the-smarter-image/
Sony,https://www.popphoto.com/tags/sony/
Sponsored,https://www.popphoto.com/tags/sponsored-content/
Tamrom,https://www.popphoto.com/tags/tamron/
Telescopes,https://www.popphoto.com/tags/telescopes/
Used Cameras,https://www.popphoto.com/tags/used-cameras/
Used Gear,https://www.popphoto.com/tags/used-gear/
Membership,https://www.popphoto.com/tags/membership/
Polaroid,https://www.popphoto.com/tags/polaroid/