News,https://www.popphoto.com/category/news/
Culture,https://www.popphoto.com/category/culture/
Exhibitions,https://www.popphoto.com/category/exhibitions/
Social Media,https://www.popphoto.com/category/social-media/
Instagram,https://www.popphoto.com/category/instagram/
Gear,https://www.popphoto.com/category/gear/
Cameras,https://www.popphoto.com/category/cameras/
Camera Accessories,https://www.popphoto.com/category/camera-accessories/
Computers,https://www.popphoto.com/category/computers/
Drone News,https://www.popphoto.com/category/drone-news/
Film News,https://www.popphoto.com/category/film-news/
Lens News,https://www.popphoto.com/category/lens-news/
Photography Equipment,https://www.popphoto.com/category/equipment/
Smartphone News,https://www.popphoto.com/category/smartphone-news/
Software News,https://www.popphoto.com/category/software-news/
Space,https://www.popphoto.com/category/space/
Gear & Reviews,https://www.popphoto.com/category/gear-reviews/
Camera Reviews,https://www.popphoto.com/category/camera-reviews/
Action Cameras,https://www.popphoto.com/category/action-cameras/
Compact Cameras,https://www.popphoto.com/category/compact-cameras/
Drone Reviews,https://www.popphoto.com/category/drone-reviews/
DSLRs,https://www.popphoto.com/category/dslrs/
Film Cameras,https://www.popphoto.com/category/film-cameras/
Instant Cameras,https://www.popphoto.com/category/instant-cameras/
Mirrorless Cameras,https://www.popphoto.com/category/mirrorless-cameras/
Smartphone Reviews,https://www.popphoto.com/category/smartphone-reviews/
Video Cameras,https://www.popphoto.com/category/video-cameras/
Camera Accessory Reviews,https://www.popphoto.com/category/camera-accessories-gear-reviews/
Camera Bags,https://www.popphoto.com/category/camera-bags/
Backpacks,https://www.popphoto.com/category/backpacks/
Computers,https://www.popphoto.com/category/computer-gear-reviews/
Printers,https://www.popphoto.com/category/printers/
Software Reviews,https://www.popphoto.com/category/software-reviews/
Photo Editing,https://www.popphoto.com/category/photo-editing-gear-reviews/
Video Editing,https://www.popphoto.com/category/video-editing/
Storage,https://www.popphoto.com/category/storage/
Hard Drives & SSDs,https://www.popphoto.com/category/hard-drives/
Memory Cards,https://www.popphoto.com/category/memory-cards/
Gift Guides,https://www.popphoto.com/category/gift-guides/
Lens Reviews,https://www.popphoto.com/category/lens-reviews/
Photography Equipment,https://www.popphoto.com/category/equipment-gear-reviews/
Film Gear Reviews,https://www.popphoto.com/category/film-gear-reviews/
Filters,https://www.popphoto.com/category/filters/
Lighting Reviews,https://www.popphoto.com/category/lighting-reviews/
Tripods,https://www.popphoto.com/category/tripods/
How To,https://www.popphoto.com/category/how-to/ 
Film Photography,https://www.popphoto.com/category/film-photography/
Photo Editing,https://www.popphoto.com/category/photo-editing/
Lightroom,https://www.popphoto.com/category/lightroom/
Photoshop,https://www.popphoto.com/category/photoshop/
Photography Tips,https://www.popphoto.com/category/photography-tips/
Aerial Photography,https://www.popphoto.com/category/aerial-photography/
Astrophotography,https://www.popphoto.com/category/astrophotography/
Food Photography,https://www.popphoto.com/category/food/
Fundamentals,https://www.popphoto.com/category/fundamentals/
Landscape Photography,https://www.popphoto.com/category/landscape-photography/
Lighting How To,https://www.popphoto.com/category/lighting-how-to/
Outdoor Photography,https://www.popphoto.com/category/outdoor-photography/
Portrait Photography,https://www.popphoto.com/category/portraits/
Sports Photography,https://www.popphoto.com/category/sports-photography/
Street Photography,https://www.popphoto.com/category/street-photography/
Studio Photography,https://www.popphoto.com/category/studio-photography/
Travel Photography,https://www.popphoto.com/category/travel/
Wedding Photography,https://www.popphoto.com/category/wedding-photography/
Wildlife Photography,https://www.popphoto.com/category/wildlife-photography/
Smartphone Photography,https://www.popphoto.com/category/smartphone-photography/
Inspiration,https://www.popphoto.com/category/inspiration/
Contests,https://www.popphoto.com/category/contests/
Features,https://www.popphoto.com/category/features/
Galleries,https://www.popphoto.com/category/galleries/ 
Photo of the Day,https://www.popphoto.com/category/photo-of-the-day/ 
Photo Trends,https://www.popphoto.com/category/trends/
Sponsored Content,https://www.popphoto.com/category/sponsored-content/

Adobe,https://www.popphoto.com/tags/adobe/
Auction,https://www.popphoto.com/tags/auctions/
Business,https://www.popphoto.com/tags/business/
Canon,https://www.popphoto.com/tags/canon/
Climate,https://www.popphoto.com/tags/climate/
Columns,https://www.popphoto.com/tags/columns
Commerce,https://www.popphoto.com/tags/commerce/
Composition,https://www.popphoto.com/tags/composition/
Computational Photography,https://www.popphoto.com/tags/computational-photography/
Darkroom,https://www.popphoto.com/tags/darkroom/
DIY,https://www.popphoto.com/tags/diy/
DJI,https://www.popphoto.com/tags/dji/
Evergreen,https://www.popphoto.com/tags/evergreen/
Exposure,https://www.popphoto.com/tags/exposure/
Fujifilm,https://www.popphoto.com/tags/fujifilm/
GoPro,https://www.popphoto.com/tags/gopro/
History,https://www.popphoto.com/tags/history/
Interview,https://www.popphoto.com/tags/interview/
ISO,https://www.popphoto.com/tags/iso/
Kodak,https://www.popphoto.com/tags/kodak/
Leica,https://www.popphoto.com/tags/leica/
Medium format,https://www.popphoto.com/tags/medium-format/
Mentor Series,https://www.popphoto.com/tags/mentor-series/
Nikon,https://www.popphoto.com/tags/nikon/
NoAds,https://www.popphoto.com/tags/noads
Nota,https://www.popphoto.com/tags/nota/
Olympus,https://www.popphoto.com/tags/olympus/
Panasonic,https://www.popphoto.com/tags/panasonic/
Performance,https://www.popphoto.com/tags/performance/
Photo Books,https://www.popphoto.com/tags/photo-books/
Photo Paper,https://www.popphoto.com/tags/photo-paper/
PopFollows,https://www.popphoto.com/tags/popfollows/
Posing,https://www.popphoto.com/tags/posing/
Printing,https://www.popphoto.com/tags/printing/
Reviews,https://www.popphoto.com/tags/reviews/
Ricoh,https://www.popphoto.com/tags/ricoh/
Roundup,https://www.popphoto.com/tags/roundup/
Sample images,https://www.popphoto.com/tags/sample-images/
Sandisk,https://www.popphoto.com/tags/sandisk/
Sigma,https://www.popphoto.com/tags/sigma/
Smarter Image,https://www.popphoto.com/tags/the-smarter-image/
Sony,https://www.popphoto.com/tags/sony/
Sponsored,https://www.popphoto.com/tags/sponsored-content/
Tamrom,https://www.popphoto.com/tags/tamron/
Telescopes,https://www.popphoto.com/tags/telescopes/
Used Cameras,https://www.popphoto.com/tags/used-cameras/
Used Gear,https://www.popphoto.com/tags/used-gear/
Membership,https://www.popphoto.com/tags/membership/
Polaroid,https://www.popphoto.com/tags/polaroid/