Term ID,Taxonomy,URL
9376;post_tag;https://www.popphoto.com/tags/artificial-intelligence/
9295;post_tag;https://www.popphoto.com/tags/soft-goods/
9283;category;https://www.popphoto.com/category/sponsored-content/
9253;post_tag;https://www.popphoto.com/tags/polaroid/
9252;post_tag;https://www.popphoto.com/tags/apple/
9251;post_tag;https://www.popphoto.com/tags/samsung/
9246;post_tag;https://www.popphoto.com/tags/deals/
9220;post_tag;https://www.popphoto.com/tags/tokina/
9216;post_tag;https://www.popphoto.com/tags/photo-shows/
9212;post_tag;https://www.popphoto.com/tags/7artisans/
9211;post_tag;https://www.popphoto.com/tags/nasa/
9208;post_tag;https://www.popphoto.com/tags/pop-culture/
9195;post_tag;https://www.popphoto.com/tags/lexar/
9050;category;https://www.popphoto.com/category/trends/
9049;category;https://www.popphoto.com/category/inspiration/
9048;category;https://www.popphoto.com/category/smartphone-photography/
9047;category;https://www.popphoto.com/category/wildlife-photography/
9046;category;https://www.popphoto.com/category/wedding-photography/
9045;category;https://www.popphoto.com/category/travel/
9044;category;https://www.popphoto.com/category/studio-photography/
9043;category;https://www.popphoto.com/category/street-photography/
9042;category;https://www.popphoto.com/category/sports-photography/
9041;category;https://www.popphoto.com/category/portraits/
9040;category;https://www.popphoto.com/category/outdoor-photography/
9039;category;https://www.popphoto.com/category/lighting-how-to/
9038;category;https://www.popphoto.com/category/landscape-photography/
9037;category;https://www.popphoto.com/category/fundamentals/
9036;category;https://www.popphoto.com/category/food/
9035;category;https://www.popphoto.com/category/astrophotography/
9034;category;https://www.popphoto.com/category/aerial-photography/
9033;category;https://www.popphoto.com/category/photography-tips/
9032;category;https://www.popphoto.com/category/photoshop/
9031;category;https://www.popphoto.com/category/lightroom/
9030;post_tag;https://www.popphoto.com/tags/membership/
9029;category;https://www.popphoto.com/category/photo-editing/
9028;category;https://www.popphoto.com/category/film-photography/
9027;category;https://www.popphoto.com/category/tripods/
9026;category;https://www.popphoto.com/category/lighting-reviews/
9025;category;https://www.popphoto.com/category/filters/
9024;category;https://www.popphoto.com/category/film-gear-reviews/
9023;category;https://www.popphoto.com/category/equipment-gear-reviews/
9022;category;https://www.popphoto.com/category/lens-reviews/
9021;category;https://www.popphoto.com/category/gift-guides/
9020;category;https://www.popphoto.com/category/memory-cards/
9019;category;https://www.popphoto.com/category/hard-drives/
9018;category;https://www.popphoto.com/category/storage/
9017;category;https://www.popphoto.com/category/video-editing/
9016;category;https://www.popphoto.com/category/photo-editing-gear-reviews/
9015;category;https://www.popphoto.com/category/software-reviews/
9014;category;https://www.popphoto.com/category/printers/
9013;category;https://www.popphoto.com/category/computer-gear-reviews/
9012;category;https://www.popphoto.com/category/backpacks/
9011;category;https://www.popphoto.com/category/camera-bags/
9010;category;https://www.popphoto.com/category/camera-accessories-gear-reviews/
9009;category;https://www.popphoto.com/category/video-cameras/
9008;category;https://www.popphoto.com/category/smartphone-reviews/
9007;post_tag;https://www.popphoto.com/tags/noads/
9006;category;https://www.popphoto.com/category/mirrorless-cameras/
9005;category;https://www.popphoto.com/category/instant-cameras/
9004;category;https://www.popphoto.com/category/film-cameras/
9003;category;https://www.popphoto.com/category/dslrs/
9002;category;https://www.popphoto.com/category/drone-reviews/
9001;category;https://www.popphoto.com/category/compact-cameras/
9000;category;https://www.popphoto.com/category/action-cameras/
8999;category;https://www.popphoto.com/category/camera-reviews/
8998;category;https://www.popphoto.com/category/gear-reviews/
8997;category;https://www.popphoto.com/category/space/
8996;category;https://www.popphoto.com/category/software-news/
8995;category;https://www.popphoto.com/category/smartphone-news/
8994;category;https://www.popphoto.com/category/equipment/
8993;category;https://www.popphoto.com/category/lens-news/
8992;category;https://www.popphoto.com/category/film-news/
8991;category;https://www.popphoto.com/category/drone-news/
8990;category;https://www.popphoto.com/category/computers/
8989;category;https://www.popphoto.com/category/camera-accessories/
8988;category;https://www.popphoto.com/category/cameras/
8987;post_tag;https://www.popphoto.com/tags/columns/
8986;category;https://www.popphoto.com/category/instagram/
8985;category;https://www.popphoto.com/category/social-media/
8984;category;https://www.popphoto.com/category/exhibitions/
8975;post_tag;https://www.popphoto.com/tags/fpv-drone/
8944;post_tag;https://www.popphoto.com/tags/skylum/
8943;post_tag;https://www.popphoto.com/tags/cinestill/
8923;post_tag;https://www.popphoto.com/tags/spiders/
8922;post_tag;https://www.popphoto.com/tags/war-in-ukraine/
8904;post_tag;https://www.popphoto.com/tags/ricoh-gr-iii/
8893;post_tag;https://www.popphoto.com/tags/iphone-se/
8850;post_tag;https://www.popphoto.com/tags/rioch-gr/
8849;post_tag;https://www.popphoto.com/tags/leica-q2/
8848;post_tag;https://www.popphoto.com/tags/x100v/
8789;post_tag;https://www.popphoto.com/tags/photobooks-worth-checking-out/
8778;post_tag;https://www.popphoto.com/tags/james-webb-space-telescope/
8640;post_tag;https://www.popphoto.com/tags/kamlan/
8633;post_tag;https://www.popphoto.com/tags/videogames/
8626;post_tag;https://www.popphoto.com/tags/racism/
8625;post_tag;https://www.popphoto.com/tags/skin-tones/
8621;post_tag;https://www.popphoto.com/tags/motorosports/
8620;post_tag;https://www.popphoto.com/tags/motorsport-photograpjy/
8613;post_tag;https://www.popphoto.com/tags/gh6/
8606;post_tag;https://www.popphoto.com/tags/oops/
8604;post_tag;https://www.popphoto.com/tags/dell/
8586;post_tag;https://www.popphoto.com/tags/olympics-2022/
8576;post_tag;https://www.popphoto.com/tags/the-smarter-image/
8575;post_tag;https://www.popphoto.com/tags/game-boy-camera/
8558;post_tag;https://www.popphoto.com/tags/canon-cinema/
8556;post_tag;https://www.popphoto.com/tags/nfts/
8551;post_tag;https://www.popphoto.com/tags/leica-m11/
8523;post_tag;https://www.popphoto.com/tags/skydio/
8522;post_tag;https://www.popphoto.com/tags/hot-dogs/
8518;post_tag;https://www.popphoto.com/tags/art-scan/
8517;post_tag;https://www.popphoto.com/tags/viltrox/
8516;post_tag;https://www.popphoto.com/tags/readers-photos/
8515;post_tag;https://www.popphoto.com/tags/cfexpress/
8514;post_tag;https://www.popphoto.com/tags/owc/
8513;post_tag;https://www.popphoto.com/tags/shows-worth-viewing/
8512;post_tag;https://www.popphoto.com/tags/popfollows/
8511;post_tag;https://www.popphoto.com/tags/photo-exhibitions/
8510;post_tag;https://www.popphoto.com/tags/popular-follows/
8505;post_tag;https://www.popphoto.com/tags/automotive-photography/
8504;post_tag;https://www.popphoto.com/tags/car-photography/
8502;post_tag;https://www.popphoto.com/tags/mike-padua/
8495;post_tag;https://www.popphoto.com/tags/gameboy-camera/
8494;post_tag;https://www.popphoto.com/tags/sony-sensor/
8492;post_tag;https://www.popphoto.com/tags/phase-fresnel/
8490;post_tag;https://www.popphoto.com/tags/smarter-image/
8489;category;https://www.popphoto.com/category/features/
8476;post_tag;https://www.popphoto.com/tags/pop-awards-2/
8473;post_tag;https://www.popphoto.com/tags/z-mount/
8472;post_tag;https://www.popphoto.com/tags/mike-tomkins/
8437;post_tag;https://www.popphoto.com/tags/industry-news/
8432;post_tag;https://www.popphoto.com/tags/fujifilms/
8411;post_tag;https://www.popphoto.com/tags/stenography/
8390;post_tag;https://www.popphoto.com/tags/tiktok/
8389;post_tag;https://www.popphoto.com/tags/ttartisan/
8388;post_tag;https://www.popphoto.com/tags/meyer-optik/
8386;post_tag;https://www.popphoto.com/tags/l-mount/
8383;post_tag;https://www.popphoto.com/tags/buying-guides/
8382;post_tag;https://www.popphoto.com/tags/used-gear/
8381;post_tag;https://www.popphoto.com/tags/used-cameras/
8379;post_tag;https://www.popphoto.com/tags/om-system/
8371;post_tag;https://www.popphoto.com/tags/pixii/
8370;post_tag;https://www.popphoto.com/tags/rioch/
8369;post_tag;https://www.popphoto.com/tags/fujifilm-gfx50s-ii/
8367;post_tag;https://www.popphoto.com/tags/roundups/
8362;post_tag;https://www.popphoto.com/tags/sky-replacement/
8361;post_tag;https://www.popphoto.com/tags/nikon-z7-ii/
8360;post_tag;https://www.popphoto.com/tags/nikon-z/
8359;post_tag;https://www.popphoto.com/tags/full-frame-mirrorless-cameras/
8352;post_tag;https://www.popphoto.com/tags/nikonl/
8351;post_tag;https://www.popphoto.com/tags/nikonk/
8342;post_tag;https://www.popphoto.com/tags/photo-e/
8340;post_tag;https://www.popphoto.com/tags/gear-and-guides/
8339;category;https://www.popphoto.com/category/shop-uk/
8338;post_tag;https://www.popphoto.com/tags/equipments/
8337;post_tag;https://www.popphoto.com/tags/cp/
8336;post_tag;https://www.popphoto.com/tags/publishing/
8333;post_tag;https://www.popphoto.com/tags/screens/
8332;post_tag;https://www.popphoto.com/tags/qr-codes/
8331;post_tag;https://www.popphoto.com/tags/mobile-phones/
8330;post_tag;https://www.popphoto.com/tags/computer/
8329;post_tag;https://www.popphoto.com/tags/chrome-os/
8328;post_tag;https://www.popphoto.com/tags/camera-building/
8327;post_tag;https://www.popphoto.com/tags/chemistry/
8326;post_tag;https://www.popphoto.com/tags/smarthpones/
8325;post_tag;https://www.popphoto.com/tags/corning/
8321;post_tag;https://www.popphoto.com/tags/negative-supply/
8320;category;https://www.popphoto.com/category/uk/
8319;post_tag;https://www.popphoto.com/tags/backups/
8318;post_tag;https://www.popphoto.com/tags/sell-photos/
8317;post_tag;https://www.popphoto.com/tags/print-on-demand/
8316;post_tag;https://www.popphoto.com/tags/sell-art-online/
8314;post_tag;https://www.popphoto.com/tags/sofrware/
8313;post_tag;https://www.popphoto.com/tags/audobon/
8311;post_tag;https://www.popphoto.com/tags/fine-art-america/
8310;post_tag;https://www.popphoto.com/tags/framed/
8309;post_tag;https://www.popphoto.com/tags/canvas/
8308;post_tag;https://www.popphoto.com/tags/gallery-wall/
8307;post_tag;https://www.popphoto.com/tags/framed-prints/
8306;post_tag;https://www.popphoto.com/tags/wall-decor/
8305;post_tag;https://www.popphoto.com/tags/canvas-prints/
8304;post_tag;https://www.popphoto.com/tags/wall-art/
8303;post_tag;https://www.popphoto.com/tags/art-prints/
8302;post_tag;https://www.popphoto.com/tags/panasonic-lenses/
8301;post_tag;https://www.popphoto.com/tags/canon-rf-lenses/
8300;post_tag;https://www.popphoto.com/tags/canon-rf/
8297;post_tag;https://www.popphoto.com/tags/mirrorless-ca/
8296;post_tag;https://www.popphoto.com/tags/product-guides/
8295;post_tag;https://www.popphoto.com/tags/lens-mounts/
8294;post_tag;https://www.popphoto.com/tags/cinema-gear/
8290;post_tag;https://www.popphoto.com/tags/perseverance/
8289;post_tag;https://www.popphoto.com/tags/ingenuity/
8287;post_tag;https://www.popphoto.com/tags/microscopes/
8286;post_tag;https://www.popphoto.com/tags/electron-microscopes/
8285;post_tag;https://www.popphoto.com/tags/atoms/
8278;post_tag;https://www.popphoto.com/tags/asmr/
8276;post_tag;https://www.popphoto.com/tags/informational/
8272;post_tag;https://www.popphoto.com/tags/smart/
8271;post_tag;https://www.popphoto.com/tags/zoom-party/
8270;post_tag;https://www.popphoto.com/tags/wfh/
8269;post_tag;https://www.popphoto.com/tags/videocall/
8268;post_tag;https://www.popphoto.com/tags/video-conference/
8267;post_tag;https://www.popphoto.com/tags/skype/
8266;post_tag;https://www.popphoto.com/tags/forensic-science/
8265;post_tag;https://www.popphoto.com/tags/computing/
8264;post_tag;https://www.popphoto.com/tags/files/
8263;post_tag;https://www.popphoto.com/tags/file-recovery/
8262;post_tag;https://www.popphoto.com/tags/cl_2020/
8261;post_tag;https://www.popphoto.com/tags/guides-and-gear/
8260;post_tag;https://www.popphoto.com/tags/shotgun-microphone/
8259;post_tag;https://www.popphoto.com/tags/shotgun-mic/
8258;post_tag;https://www.popphoto.com/tags/microphone/
8257;post_tag;https://www.popphoto.com/tags/mic/
8256;post_tag;https://www.popphoto.com/tags/brian-s-hawkins/
8255;post_tag;https://www.popphoto.com/tags/stacked-sensors/
8253;post_tag;https://www.popphoto.com/tags/sexuality/
8252;post_tag;https://www.popphoto.com/tags/sex/
8251;post_tag;https://www.popphoto.com/tags/send-nudes/
8250;post_tag;https://www.popphoto.com/tags/safe-sex/
8249;post_tag;https://www.popphoto.com/tags/safe-nudes/
8248;post_tag;https://www.popphoto.com/tags/online-privacy/
8247;post_tag;https://www.popphoto.com/tags/messaging-apps/
8246;post_tag;https://www.popphoto.com/tags/messaging/
8245;post_tag;https://www.popphoto.com/tags/cybersecurity/
8244;post_tag;https://www.popphoto.com/tags/cyber-security/
8243;post_tag;https://www.popphoto.com/tags/smart-portrait-feature/
8242;post_tag;https://www.popphoto.com/tags/smart-portrait/
8238;post_tag;https://www.popphoto.com/tags/security-cameras/
8236;post_tag;https://www.popphoto.com/tags/pcr/
8233;post_tag;https://www.popphoto.com/tags/nota/
8231;post_tag;https://www.popphoto.com/tags/prime-day/
