Permalink;Error
https://www.saveur.com/tags/easy/;500
https://www.saveur.com/tags/super-bowl/;500
https://www.saveur.com/tags/issue-91/;500
https://www.saveur.com/tags/saveur-100-2012/;500
https://www.saveur.com/authors/bruce-schoenfeld/;500
https://www.saveur.com/authors/matt-taylor-gross/;500
https://www.saveur.com/tags/ci-2019/;500
https://www.saveur.com/authors/mari-uyehara/;500
https://www.saveur.com/authors/kat-craddock/;500
https://www.saveur.com/tags/oils/;500
https://www.saveur.com/tags/louisiana/;500
https://www.saveur.com/tags/iceland/;500
https://www.saveur.com/tags/snacks/;500
https://www.saveur.com/tags/issue-65/;500
https://www.saveur.com/authors/jay-rayner/;500
https://www.saveur.com/tags/issue-168/;500
https://www.saveur.com/tags/the-tenth-degree/;500
https://www.saveur.com/authors/jasmine-p-ting/;500
https://www.saveur.com/tags/sorbet/;500
https://www.saveur.com/tags/sherry/;500
https://www.saveur.com/tags/grains/;500
https://www.saveur.com/tags/kentucky/;500
https://www.saveur.com/authors/justin-kennedy/;500
https://www.saveur.com/tags/field-notes/;500
https://www.saveur.com/authors/david-wondrich/;500
https://www.saveur.com/authors/christopher-michel/;500
https://www.saveur.com/authors/sur-la-table/;500
https://www.saveur.com/tags/food-waste/;500
https://www.saveur.com/authors/howie-kahn/;500
https://www.saveur.com/tags/frozen/;500
https://www.saveur.com/authors/micah-fredman/;500
https://www.saveur.com/authors/amber-gibson/;500
https://www.saveur.com/tags/new-years-eve/;500
https://www.saveur.com/tags/san-sebastian/;500
https://www.saveur.com/tags/miami/;500
https://www.saveur.com/authors/mitchell-davis-laurent-gras/;500
https://www.saveur.com/authors/margo-true/;500
https://www.saveur.com/authors/eva-cartwright/;500
https://www.saveur.com/authors/molly-turner/;500
https://www.saveur.com/authors/nancy-harmon-jenkins/;500
https://www.saveur.com/tags/illinois/;500
https://www.saveur.com/tags/burgundy/;500
https://www.saveur.com/authors/christy-hobart/;500
https://www.saveur.com/authors/beth-rooney/;500
https://www.saveur.com/tags/issue-85/;500
https://www.saveur.com/authors/lydia-tomkiw/;500
https://www.saveur.com/authors/melissa-klurman/;500
https://www.saveur.com/tags/ceramics/;500
https://www.saveur.com/authors/geoff-dougherty/;500
https://www.saveur.com/tags/nasa/;500
https://www.saveur.com/authors/nidhi-chaudhry/;500
https://www.saveur.com/authors/maura-egan/;500
https://www.saveur.com/authors/legends-from-europe/;500
https://www.saveur.com/authors/maricel-presilla/;500
https://www.saveur.com/authors/rachel-khong/;500
https://www.saveur.com/authors/wes-martin/;500
https://www.saveur.com/authors/lisa-jackson/;500
https://www.saveur.com/tags/saveur-selects-cookware/;500
https://www.saveur.com/tags/gratin/;500
https://www.saveur.com/authors/trattoria-sostanza/;500
https://www.saveur.com/authors/richard-bolster/;500
https://www.saveur.com/authors/schuyler-ingle/;500
https://www.saveur.com/authors/aymeric-tortereau/;500
https://www.saveur.com/authors/raymond-sokolov/;500
https://www.saveur.com/authors/lauren-utvich/;500
https://www.saveur.com/tags/utah/;500
https://www.saveur.com/authors/kit-yau/;500
https://www.saveur.com/tags/custard/;500
https://www.saveur.com/authors/erica-chayes-wida/;500
https://www.saveur.com/authors/max-falkowitz-and-stacy-adimando/;500
https://www.saveur.com/authors/vincent-schiavelli/;500
https://www.saveur.com/authors/barton-seaver/;500
https://www.saveur.com/authors/ken-weaver/;500
https://www.saveur.com/authors/frederic-lalos/;500
https://www.saveur.com/authors/david-grinstead/;500
https://www.saveur.com/authors/linda-monastra/;500
https://www.saveur.com/authors/geraldine-campbell/;500
https://www.saveur.com/tags/jobs/;500
https://www.saveur.com/authors/libby-redmond-and-holly-mueller/;500
https://www.saveur.com/authors/elaine-sterling/;500
https://www.saveur.com/tags/design-destination/;500
https://www.saveur.com/authors/brooke-porter-katz/;500
https://www.saveur.com/authors/rodolfo-guzman-as-told-to-natalie-chinn/;500
https://www.saveur.com/authors/bill-marsano/;500
https://www.saveur.com/authors/hugh-amano-illustrations-sarah-becan/;500
https://www.saveur.com/tags/hibiscus/;500
https://www.saveur.com/tags/singaporean/;500
https://www.saveur.com/authors/caroline-darden/;500
https://www.saveur.com/authors/laura-denby/;500
https://www.saveur.com/authors/joyce-skena/;500
https://www.saveur.com/authors/kwame-onwuachi/;500
https://www.saveur.com/category/main-course/;500
https://www.saveur.com/category/rabbit/;500
https://www.saveur.com/category/chiles/;500
https://www.saveur.com/category/corn/;500
https://www.saveur.com/category/midwestern/;500
https://www.saveur.com/category/middle-eastern/;500
https://www.saveur.com/category/spain/;500
https://www.saveur.com/?page_id=116317;500
https://www.saveur.com/?p=146159;500
https://www.saveur.com/san-10342/;500
https://www.saveur.com/?p=116263;500
https://www.saveur.com/?p=116236;500
https://www.saveur.com/?p=116425;500
https://www.saveur.com/?p=116228;500
https://www.saveur.com/?p=117976;500
https://www.saveur.com/?p=117996;500
https://www.saveur.com/?p=118518;500
https://www.saveur.com/?p=120620;500
https://www.saveur.com/?p=120915;500
https://www.saveur.com/?p=122212;500
https://www.saveur.com/?p=123037;500
https://www.saveur.com/?p=123518;500
https://www.saveur.com/?p=123901;500
https://www.saveur.com/?p=124201;500
https://www.saveur.com/?p=125029;500
https://www.saveur.com/?p=125205;500
https://www.saveur.com/?p=125098;500
https://www.saveur.com/?p=125550;500
https://www.saveur.com/?p=125706;500
https://www.saveur.com/?p=125845;500
https://www.saveur.com/?p=127555;500
https://www.saveur.com/?p=127591;500
https://www.saveur.com/?p=127890;500
https://www.saveur.com/?p=128435;500
https://www.saveur.com/?p=130643;500
https://www.saveur.com/?p=130937;500
https://www.saveur.com/?p=131403;500
https://www.saveur.com/?p=131672;500
https://www.saveur.com/?p=132652;500
https://www.saveur.com/?p=132853;500
https://www.saveur.com/?p=123201;500
https://www.saveur.com/?p=133983;500
https://www.saveur.com/?p=134001;500
https://www.saveur.com/?p=134179;500
https://www.saveur.com/?p=134619;500
https://www.saveur.com/?p=134630;500
https://www.saveur.com/?p=134984;500
https://www.saveur.com/?p=135215;500
https://www.saveur.com/?p=135875;500
https://www.saveur.com/?p=136684;500
https://www.saveur.com/?p=144959;500
https://www.saveur.com/?p=146161;500
https://www.saveur.com/?p=126323;500
https://www.saveur.com/?p=136837;500
https://www.saveur.com/?p=128302;500
https://www.saveur.com/?p=135995;500
https://www.saveur.com/article/Recipes/Octopus-Cooked-in-Wine-with-Wild-Fennel/;500
https://www.saveur.com/article/Recipes/Bens-Cognac-Risotto/;500
https://www.saveur.com/article/Recipes/Chopped-Tomato-Salad/;500
https://www.saveur.com/article/Recipes/Gooseberry-Fool/;500
https://www.saveur.com/article/Recipes/Sorrel-Frittata/;500
https://www.saveur.com/article/Recipes/Stuffed-Roast-Suckling-Pig/;500
https://www.saveur.com/article/Recipes/Japanese-Oysters-for-Kaiseki-Dinner/;500
https://www.saveur.com/article/Kitchen/King-of-the-Street/;500
https://www.saveur.com/article/Techniques/Texas-Pecans/;500
https://www.saveur.com/article/Recipes/Red-Onion-Relish/;500
https://www.saveur.com/article/Recipes/Burnt-Scallion-Fish/;500
https://www.saveur.com/article/Recipes/Brown-Butter/;500
https://www.saveur.com/article/Recipes/Cambodian-Roasted-Poussin/;500
https://www.saveur.com/article/Recipes/Deep-Fried-Pomfret-with-Kampot-Sauce/;500
https://www.saveur.com/article/Recipes/Genoese-Stuffed-Veal-Breast/;500
https://www.saveur.com/article/Kitchen/Making-Ice-Cream/;500
https://www.saveur.com/article/Recipes/Chicken-Salad-with-Truffles/;500
https://www.saveur.com/article/Recipes/Snapper-Pie/;500
https://www.saveur.com/article/Recipes/Rabbit-Braised-in-Gueuze/;500
https://www.saveur.com/article/Recipes/Peach-Melba/;500
https://www.saveur.com/article/Recipes/Manaish/;500
https://www.saveur.com/article/Recipes/Shortbread/;500
https://www.saveur.com/article/Recipes/Tampico-Style-Avocados/;500
https://www.saveur.com/article/Recipes/Suco-de-Banana-e-Abacate-Banana-Avocado-Drink/;500
https://www.saveur.com/article/Recipes/She-Crab-Soup/;500
https://www.saveur.com/article/Recipes/Hot-and-Sweet-Red-Pepper-Dip-with-Walnuts-and-Pomegranates/;500
https://www.saveur.com/article/Techniques/Truffles-in-a-Jar/;500
https://www.saveur.com/article/Kitchen/Goosed-Up/;500
https://www.saveur.com/article/Recipes/Three-Cheese-Mixture/;500
https://www.saveur.com/article/Recipes/Azuki-Bean-Ice-Cream/;500
https://www.saveur.com/article/Kitchen/Epic-Farcon/;500
https://www.saveur.com/article/Recipes/Asian-Green-Salad-with-Sweet-Shallot-Vinaigrette/;500
https://www.saveur.com/article/Techniques/The-Asian-Greens-Guide/;500
https://www.saveur.com/article/Recipes/Snapper-with-Rosemary-Basil-Oil/;500
https://www.saveur.com/article/Wine-and-Drink/Hot-Lemonade/;500
https://www.saveur.com/article/Wine-and-Drink/Sweet-Iced-Tea/;500
https://www.saveur.com/article/Wine-and-Drink/Singapore-Sling-49450/;500
https://www.saveur.com/article/Techniques/Fondue-101/;500
https://www.saveur.com/article/Techniques/Preparing-Artichokes/;500
https://www.saveur.com/article/Wine-and-Drink/Edna-Lewiss-Coffee-/;500
https://www.saveur.com/article/Recipes/Linguine-with-Pesto/;500
https://www.saveur.com/article/Recipes/Bacon-Cheeseburger-/;500
https://www.saveur.com/article/Recipes/Fried-Bananas-/;500
https://www.saveur.com/article/Recipes/Chicken-with-Cilantro-/;500
https://www.saveur.com/article/Recipes/Grilled-Pork-with-Rice-Vermicelli-/;500
https://www.saveur.com/article/Recipes/Rhubarb-Strawberry-Pie/;500
https://www.saveur.com/article/Recipes/Rice-with-Duck-and-Turnips/;500
https://www.saveur.com/article/Recipes/Colcannon-Cakes/;500
https://www.saveur.com/article/Techniques/Restoring-Flavor-to-Strawberries/;500
https://www.saveur.com/article/Kitchen/Abbacchio-/;500
https://www.saveur.com/article/Kitchen/Easter-Sweet-/;500
https://www.saveur.com/article/Recipes/Yellow-Fish-Curry-/;500
https://www.saveur.com/article/Wine-and-Drink/How-Do-You-Brew/;500
https://www.saveur.com/article/Wine-and-Drink/The-Road-to-Perfection/;500
https://www.saveur.com/article/Recipes/Beef-Stew-Burgundy-Style/;500
https://www.saveur.com/article/Recipes/Rice-and-Peas-/;500
https://www.saveur.com/article/Recipes/Cold-Cream-of-Fava-Soup-/;500
https://www.saveur.com/article/Travels/Capital-of-Tex-Mex/;500
https://www.saveur.com/article/Recipes/Ranch-House-Pate-with-Cognac/;500
https://www.saveur.com/article/Kitchen/Essential-Polenta/;500
https://www.saveur.com/article/Recipes/Seven-Spice-Mixture/;500
https://www.saveur.com/article/Travels/Farming-for-the-Love-of-Food/;500
https://www.saveur.com/article/Wine-and-Drink/Morgan-Santa-Lucia-Highlands-California-Pinot-Gris-R--D-Franscioni-Vineyard-2006/;500
https://www.saveur.com/article/Kitchen/Amazing-Avocados/;500
https://www.saveur.com/article/Kitchen/More-Meat-Please/;500
https://www.saveur.com/article/Travels/Street-Cred/;500
https://www.saveur.com/article/Recipes/Bouillabaisse/;500
https://www.saveur.com/article/Kitchen/The-Birds-of-Autumn/;500
https://www.saveur.com/article/Recipes/Chilean-Bean-Stew-/;500
https://www.saveur.com/article/Wine-and-Drink/Oh-Shandy/;500
https://www.saveur.com/article/Recipes/Izolas-Fried-Chicken/;500
https://www.saveur.com/article/Techniques/Know-Your-Avocados/;500
https://www.saveur.com/article/Kitchen/8-Food-Gifts/;500
https://www.saveur.com/article/Recipes/Buckwheat-Crepes-with-Pork-Pate/;500
https://www.saveur.com/article/Recipes/Foie-Gras-with-Green-Grapes/;500
https://www.saveur.com/article/Travels/Land-Of-Milk-And-Sugar/;500
https://www.saveur.com/article/Recipes/Marrow-Bones-Marley/;500
https://www.saveur.com/article/Kitchen/Special-Squash/;500
https://www.saveur.com/article/Recipes/Eggplant-Stuffed-Peppers/;500
https://www.saveur.com/article/Wine-and-Drink/Caipirinha/;500
https://www.saveur.com/article/Wine-and-Drink/Vincent-Girardin-Savigny-Les-Beaune-1er-Cru-Burgundy-France-/;500
https://www.saveur.com/article/Kitchen/Rainbow-Of-Fruit/;500
https://www.saveur.com/article/Kitchen/A-Nice-Hot-Bath/;500
https://www.saveur.com/article/Techniques/Preparing-Cardoons/;500
https://www.saveur.com/article/Recipes/Cepe-Fricassee-with-Truffles/;500
https://www.saveur.com/article/Recipes/Sorrel-and-Watercress-Soup/;500
https://www.saveur.com/article/Recipes/Javanese-Lamb-Sate-with-Peanut-Sauce/;500
https://www.saveur.com/article/Kitchen/Our-Little-Dumplings/;500
https://www.saveur.com/article/Recipes/Roasted-Pecans/;500
https://www.saveur.com/article/Recipes/Aunt-Sabellas-Black-Chocolate-Cake-with-Fudge-Icing/;500
https://www.saveur.com/article/Recipes/Gingersnaps/;500
https://www.saveur.com/article/Kitchen/6-Great-Catfish-Houses/;500
https://www.saveur.com/gallery/Preparing-Cardoons/;500
https://www.saveur.com/article/Kitchen/Seething-Over-Sachertorte/;500
https://www.saveur.com/article/Recipes/Ethiopian-Lentil-Stew/;500
https://www.saveur.com/perfect-brown-rice-recipe/;500
https://www.saveur.com/article/Recipes/Crab-and-Cabbage-Salad/;500
https://www.saveur.com/article/Recipes/Smashed-Cucumbers-with-Ginger/;500
https://www.saveur.com/article/Recipes/Sherry-Cobbler/;500
https://www.saveur.com/gallery/Our-Favorite-Coffees/;500
https://www.saveur.com/article/Kitchen/Breakfast-of-Champions/;500
https://www.saveur.com/article/Kitchen/Turkey-Throw-Down/;500
https://www.saveur.com/article/Kitchen/The-Clay-Way/;500
https://www.saveur.com/article/Recipes/Sour-Spearmint-Sauce-with-Meatballs/;500
https://www.saveur.com/gallery/Brunch/;500
https://www.saveur.com/article/Travels/Eating-Up-Louisvilles-Best-Bar-Food/;500
https://www.saveur.com/gallery/Inside-a-French-Cooking-School/;500
https://www.saveur.com/article/Recipes/Broad-Beans-with-Artichokes/;500
https://www.saveur.com/article/Recipes/Steamed-Artichokes/;500
https://www.saveur.com/article/Recipes/Artichoke-Tea-Sandwiches/;500
https://www.saveur.com/article/Kitchen/Open-House/;500
https://www.saveur.com/article/Kitchen/Canlis/;500
https://www.saveur.com/article/Kitchen/Musso-and-Frank-Grill/;500
https://www.saveur.com/article/Kitchen/Mexican-Chocolate/;500
https://www.saveur.com/article/Travels/Demystifying-Shopsins-Menu/;500
https://www.saveur.com/article/Recipes/Heaven-and-Hell-Cake/;500
https://www.saveur.com/article/Kitchen/Chili-Powder/;500
https://www.saveur.com/article/Techniques/Shucking-an-Oyster/;500
https://www.saveur.com/article/Kitchen/Reminiscing-at-the-Texas-Table/;500
https://www.saveur.com/article/Recipes/The-Best-Grilling-Recipes/;500
https://www.saveur.com/article/Recipes/Aussie-Burger/;500
https://www.saveur.com/article/Wine-and-Drink/One-Good-Bottle-1000074004/;500
https://www.saveur.com/article/Travels/L20-Esquire-magazines-best-new-restaurant-of-2008/;500
https://www.saveur.com/article/Techniques/Brownie-Baking-Tip/;500
https://www.saveur.com/article/Techniques/TORTE-101/;500
https://www.saveur.com/article/Travels/The-Belly-of-Paris/;500
https://www.saveur.com/article/Kitchen/Setting-It-Wright/;500
https://www.saveur.com/article/Techniques/Burnt-Ends-/;500
https://www.saveur.com/article/Kitchen/The-Chef-Cooks-at-Home-Easy-Charcuterie/;500
https://www.saveur.com/article/Recipes/Pickled-Shiitakes/;500
https://www.saveur.com/article/Techniques/A-Cinnamon-Glossary/;500
https://www.saveur.com/article/Recipes/Mexican-Rice-Pilaf/;500
https://www.saveur.com/article/Kitchen/Yankee-Pride-1000077337/;500
https://www.saveur.com/article/Kitchen/Lone-Acre-Farms-Cold-Weather-Finds/;500
https://www.saveur.com/article/Kitchen/Flavored-Whipped-Creams/;500
https://www.saveur.com/article/Kitchen/Ham-Companions/;500
https://www.saveur.com/article/Kitchen/Pork-Knives-and-Spoons/;500
https://www.saveur.com/article/Kitchen/The-Rest-is-Pure-Gravy/;500
https://www.saveur.com/gallery/Ham-Carving/;500
https://www.saveur.com/article/Travels/Sacred-Heart-Church-Ravioli-Dinner/;500
https://www.saveur.com/article/Kitchen/Lupini-Beans/;500
https://www.saveur.com/article/Kitchen/The-Apprentice/;500
https://www.saveur.com/article/Kitchen/Gaston-Acurio/;500
https://www.saveur.com/article/Kitchen/12-Days-of-Holiday-Sweets-Boston-Cooking-School-Brownies/;500
https://www.saveur.com/article/Kitchen/Winter-Vegetables-Rutabagas/;500
https://www.saveur.com/article/Recipes/Nuoc-Cham-Vietnamese-Dipping-Sauce/;500
https://www.saveur.com/article/Travels/Serious-Fun/;500
https://www.saveur.com/article/Recipes/White-Bean-and-Tuna-Salad-Fagioli-e-tonno/;500
https://www.saveur.com/article/Kitchen/Anchovy-Paste/;500
https://www.saveur.com/article/Kitchen/Coconut-Milk/;500
https://www.saveur.com/article/Recipes/Grilled-Montauk-Squid-with-a-Thai-Basil-Salad/;500
https://www.saveur.com/article/Recipes/Pimento-Cheese-Burger/;500
https://www.saveur.com/article/Recipes/Strawberries-and-Cream-Ice-Pops-Paletas-de-Fresas-y-Crema/;500
https://www.saveur.com/article/Kitchen/Carrot-Cake-A-Family-Favorite/;500
https://www.saveur.com/article/Kitchen/Dinners-with-Jamie/;500
https://www.saveur.com/article/Wine-and-Drink/One-Good-Bottle-1000084247/;500
https://www.saveur.com/article/Recipes/Meatballs-in-Tomato-Sauce-Keftedes-me-Saltsa-Domata/;500
https://www.saveur.com/article/Kitchen/Greeces-Daily-Dish/;500
https://www.saveur.com/article/Kitchen/Mighty-Olive/;500
https://www.saveur.com/article/Travels/Khartoums-Barbecue-Hot-Spot/;500
https://www.saveur.com/article/Travels/Far-Side-of-the-Mountains-Epirus/;500
https://www.saveur.com/article/Recipes/American-Grocerys-Honey-Glazed-Rabbit/;500
https://www.saveur.com/article/Wine-and-Drink/Deep-Roots/;500
https://www.saveur.com/article/Kitchen/Geoduck-King-of-Clams/;500
https://www.saveur.com/article/Travels/5-Places-to-Eat-in-Portland-Maine/;500
https://www.saveur.com/article/Recipes/Key-Lime-Pie-1010/;500
https://www.saveur.com/article/Kitchen/Playing-Favorites/;500
https://www.saveur.com/article/Kitchen/Our-Daily-Bread/;500
https://www.saveur.com/article/Kitchen/Postcard-Som-Tum-Lao-Laotian-style-Papaya-Salad/;500
https://www.saveur.com/article/Kitchen/Banquet-of-Books/;500
https://www.saveur.com/article/Travels/Home-for-the-Holidays/;500
https://www.saveur.com/gallery/Kitchen-Tour-With-Philippe-Petit/;500
https://www.saveur.com/article/Kitchen/SAV-100-2011-Frozen-Peas/;500
https://www.saveur.com/article/-/Black-Eyed-Pea-and-Corn-Bread-Recipes/;500
https://www.saveur.com/article/Travels/Saveur-100-2011-The-Isle-of-Skye/;500
https://www.saveur.com/article/Recipes/Meyer-Lemon-and-Garlic-Dressing/;500
https://www.saveur.com/article/Travels/Sicily/;500
https://www.saveur.com/article/Kitchen/March-25-Happy-Birthday-Daniel-Boulud/;500
https://www.saveur.com/article/Kitchen/Guide-To-The-Best-Gluten-Free-Sandwich-Bread/;500
https://www.saveur.com/article/Recipes/Stout-Ice-Cream/;500
https://www.saveur.com/article/Kitchen/Learning-to-Make-an-Omelette/;500
https://www.saveur.com/article/Travels/Postcard-South-African-Biltong-in-Cape-Town/;500
https://www.saveur.com/article/Recipes/Bourbon-Barbecue-Sauce/;500
https://www.saveur.com/article/Travels/Honest-Work/;500
https://www.saveur.com/article/Wine-and-Drink/Friday-Cocktails-Devils-Garden/;500
https://www.saveur.com/article/Kitchen/Burning-Bright-Mexican-Salsas/;500
https://www.saveur.com/article/Travels/Postcard-The-National/;500
https://www.saveur.com/article/Kitchen/Book-Review-Sweet-and-Tart-and-A-New-Turn-in-the-South/;500
https://www.saveur.com/article/Kitchen/Crab-Cakes-for-Almond-Lovers/;500
https://www.saveur.com/article/Recipes/Cranberry-Crush/;500
https://www.saveur.com/article/Wine-and-Drink/Friday-Cocktails-the-French-Blonde/;500
https://www.saveur.com/gallery/Preserving-Plenty-Fermented-Recipes/;500
https://www.saveur.com/article/Recipes/White-Chocolate-and-Orange-Meringues/;500
https://www.saveur.com/article/siteswelove/Sites-We-Love-The-Parsley-Thief/;500
https://www.saveur.com/article/Comix/laura-park-slap-it-in-a-pan/;500
https://www.saveur.com/article/Recipes/Curried-Chicken/;500
https://www.saveur.com/article/Recipes/Roast-Pork-Loin/;500
https://www.saveur.com/article/Recipes/Baked-Feta-with-Roasted-Red-Peppers-and-Lemon-Oregano-Broth-/;500
https://www.saveur.com/article/Recipes/Pumpkin-Cheesecake-With-Gingersnap-and-Hazelnut-Crust/;500
https://www.saveur.com/article/Recipes/Halusky-Boiled-Potato-Dumplings/;500
https://www.saveur.com/article/Recipes/Grilled-Leeks-and-Stewed-Garlic-on-Toast/;500
https://www.saveur.com/gallery/Scenes-from-San-Franciscos-North-Beach-neighborhood/;500
https://www.saveur.com/article/Kitchen/Announcing-the-Winner-of-the-Home-Cook-Challenge-Cocktails-Contest/;500
https://www.saveur.com/gallery/Green-Wines/;500
https://www.saveur.com/article/Kitchen/saveur-100-storye-rye/;500
https://www.saveur.com/article/Comix/Recipe-Comix-Fried-Smelt/;500
https://www.saveur.com/article/Recipes/Lady-Shirley/;500
https://www.saveur.com/article/Recipes/Blood-Orange-Salsa/;500
https://www.saveur.com/gallery/Chimney-Cakes/;500
https://www.saveur.com/article/Menu/An-Easy-Indian-Dinner/;500
https://www.saveur.com/article/Travels/The-King-of-Fried-Butter/;500
https://www.saveur.com/article/Kitchen/saveur-100-brigaderos/;500
https://www.saveur.com/gallery/Hungry-Heroes/;500
https://www.saveur.com/article/Kitchen/Can-Do/;500
https://www.saveur.com/article/Recipes/Torshi-e-Kalam/;500
https://www.saveur.com/article/Kitchen/Sweet-Southern-Dreams/;500
https://www.saveur.com/article/Recipes/Spritz/;500
https://www.saveur.com/article/Recipes/Red-Velvet-Cake-1000089787/;500
https://www.saveur.com/article/Kitchen/Thai-Chile-Dip-Tutorial/;500
https://www.saveur.com/article/Travels/The-Land-of-Bread-and-Spice/;500
https://www.saveur.com/article/Menu/Iranian-Menu/;500
https://www.saveur.com/article/Wine-and-Drink/Friday-Cocktails-Punch-Romaine/;500
https://www.saveur.com/article/Kitchen/One-Ingredient-Many-Ways-Horseradish/;500
https://www.saveur.com/gallery/20-Loaves-We-Love/;500
https://www.saveur.com/article/Recipes/Carrot-Cake-with-Coconut-Cream-Cheese-Frosting/;500
https://www.saveur.com/article/Menu/Corsica-Menu/;500
https://www.saveur.com/article/Travels/Costa-Rica-Mercado-Central/;500
https://www.saveur.com/article/Recipes/Tapenade-Olive-Spread-Figs/;500
https://www.saveur.com/article/Recipes/Swedish-Crispbread/;500
https://www.saveur.com/article/Wine-and-Drink/Friday-Cocktails-Red-Riding-Hood/;500
https://www.saveur.com/gallery/Flavorful Veggie Burgers/;500
https://www.saveur.com/article/siteswelove/Sites-We-Love-Alexandras-Kitchen/;500
https://www.saveur.com/article/Wine-and-Drink/Friday-Cocktails-Citrus-Saveur/;500
https://www.saveur.com/article/Recipes/Kalimotxo-1000090388/;500
https://www.saveur.com/article/One-Good-Find/Molecular-Cuisine-Kit/;500
https://www.saveur.com/gallery/Classic-Buns-and-Breads/;500
https://www.saveur.com/article/Recipes/Red-Snapper-Fennel-Tomatoes/;500
https://www.saveur.com/article/Comix/Recipe-Comix-Tanzania-Travelogue-Lucy-Knisley/;500
https://www.saveur.com/gallery/Shangri-La Hotel: Paris/;500
https://www.saveur.com/article/Recipes/Mexican-Chocolate-1000090720/;500
https://www.saveur.com/article/Recipes/Mexico-salsa-chile-pasilla/;500
https://www.saveur.com/article/Recipes/Mexico-Scrambled-Eggs/;500
https://www.saveur.com/article/Travels/Mexican-Salsa-Variations/;500
https://www.saveur.com/article/siteswelove/Sites-We-Love-Indian-Simmer/;500
https://www.saveur.com/article/Kitchen/The-Most-Popular-Recipes-for-August-2012/;500
https://www.saveur.com/article/Travels/Potjiekos-An-Adopted-Tradition/;500
https://www.saveur.com/article/Recipes/Classic-Pasta-Buckwheat-Groats/;500
https://www.saveur.com/article/Recipes/Classic-Spiced-Chickpeas/;500
https://www.saveur.com/article/Recipes/Classic-Chili-Con-Carne/;500
https://www.saveur.com/article/Recipes/Classic-Chicken-Noodle-Soup/;500
https://www.saveur.com/article/Recipes/Classic-Angel-Food-Cake/;500
https://www.saveur.com/article/Recipes/Classic-Rose-Cocktail/;500
https://www.saveur.com/article/Recipes/Spinach-Salad-with-Hot-Bacon-Dressing/;500
https://www.saveur.com/gallery/A Vegetarian Harvest Dinner/;500
https://www.saveur.com/article/Travels/Guide-Honduras-Garifuna-Coast/;500
https://www.saveur.com/article/Kitchen/Classic-Italian-Dishes/;500
https://www.saveur.com/article/-/Gin-Drinks-for-Fall/;500
https://www.saveur.com/article/Video/VIDEO-How-to-Carve-a-Turkey/;500
https://www.saveur.com/article/Menu/An-Elegant-French-Inspired-Thanksgiving/;500
https://www.saveur.com/article/Recipes/Roasted-Glazed-Pears/;500
https://www.saveur.com/article/Recipes/Shrimp-Salt/;500
https://www.saveur.com/article/Kitchen/Holiday-Potluck-Recipes/;500
https://www.saveur.com/recipes/moroccan-honey-braised-lamb-shanks-recipe/;500
https://www.saveur.com/article/Wine-and-Drink/Drink-This-Now-Zind-Humbrecht-Pinot-Gris-Grand-Cru-Rangen-de-Thann-2008/;500
https://www.saveur.com/article/Kitchen/Triple-Tart-Cranberry-Butter/;500
https://www.saveur.com/article/Recipes/Shrimp-Herb-Aioli/;500
https://www.saveur.com/article/Recipes/Michel-Richard-Deviled-Eggs/;500
https://www.saveur.com/article/Travels/Saveur-100-Norway/;500
https://www.saveur.com/article/Menu/Menu-A-Puerto-Rican-Christmas-Feast/;500
https://www.saveur.com/gallery2/Comfort-Food-For-Colds/;500
https://www.saveur.com/article/Travels/Soup-Joumou/;500
https://www.saveur.com/gallery/Argentine Miami/;500
https://www.saveur.com/article/Travels/Boston-Restaurant-Guide/;500
https://www.saveur.com/article/Travels/Saveur-100-Mile-End-Smoked-Meat/;500
https://www.saveur.com/article/Kitchen/Saveur-100-Harmless-Harvest-Coconut-Water/;500
https://www.saveur.com/article/Recipes/Kentucky-Christmas/;500
https://www.saveur.com/article/Menu/Chinese-New-Year/;500
https://www.saveur.com/article/Travels/Saveur-100-Cape-Cod-Fishermens-Association/;500
https://www.saveur.com/article/Recipes/Braided-Cardamom-Bread-Pulla/;500
https://www.saveur.com/article/Wine-and-Drink/Friday-Cocktails-Whiskey-Seduction/;500
https://www.saveur.com/article/Recipes/Chile-Ancho-Sopa-de-Chocolate/;500
https://www.saveur.com/article/Recipes/Triple-Chocolate-Beef-Bean-Chili/;500
https://www.saveur.com/article/Recipes/Chocolate-Barbecue-Sauce/;500
https://www.saveur.com/article/Kitchen/Homemade-Chocolates-Candies/;500
https://www.saveur.com/gallery/Donut Recipes/;500
https://www.saveur.com/article/Recipes/Orange-Glaze/;500
https://www.saveur.com/article/Recipes/Cream-Cheese-Glaze/;500
https://www.saveur.com/best-deep-fryers/;500
https://www.saveur.com/article/Kitchen/Five-Oils-for-Frying/;500
https://www.saveur.com/article/Kitchen/One-Ingredient-Many-Ways-Maple-Syrup/;500
https://www.saveur.com/article/Recipes/Cardamom-Syrup-Donuts/;500
https://www.saveur.com/article/Recipes/Brigtsens-Pan-Fried-Drum-Fish-with-Shrimp-Diane-Sauce/;500
https://www.saveur.com/article/Recipes/Dolmeh-Stuffed-Grape-Leaves/;500
https://www.saveur.com/article/blog/Weekend-Reading-032413/;500
https://www.saveur.com/article/Recipes/Arnauds-Cafe-Brulot-Diabolique/;500
https://www.saveur.com/article/Travels/Cheese-to-Cherish/;500
https://www.saveur.com/article/Wine-and-Drink/Friday-Cocktails-Thandai/;500
https://www.saveur.com/article/Recipes/Casamentos-Charbroiled-Oysters/;500
https://www.saveur.com/article/Recipes/Calzone-di-Prosciutto-e-Ricotta--Ham-and-Cheese-Calzone/;500
https://www.saveur.com/article/Kitchen/Go-Fish/;500
https://www.saveur.com/gallery/Vienna Whites/;500
https://www.saveur.com/gallery/Israel-Recipes/;500
https://www.saveur.com/gallery/Sindhi-Recipes/;500
https://www.saveur.com/gallery2/Artists-Retreat/;500
https://www.saveur.com/article/Kitchen/The-Fixer/;500
https://www.saveur.com/article/blog/2013-Best-Food-Blog-Award-Winner-VK-Rees/;500
https://www.saveur.com/article/Kitchen/Yakitori-Style-Japanese-Grilling-Tools/;500
https://www.saveur.com/article/menu/Summer-Salads/;500
https://www.saveur.com/article/kitchen/preserve-the-season-blueberry-jam-with-lemon-and-thyme/;500
https://www.saveur.com/article/Recipes/Honey-Chocolate-Chip-Cookies-Recipe/;500
https://www.saveur.com/article/Recipes/Lemony-Fried-Cauliflower/;500
https://www.saveur.com/article/collection/vegetable-fritters/;500
https://www.saveur.com/article/travels/the-foods-of-prince-edward-island/;500
https://www.saveur.com/article/one-good-find/spiegelau-ipa-beer-glass/;500
https://www.saveur.com/article/recipes/pumpkin-cheesecake-tart-with-gingersnap-crust/;500
https://www.saveur.com/article/Recipes/Polish-Bow-Tie-Fritters/;500
https://www.saveur.com/article/techniques/video-how-to-make-garlic-paste/;500
https://www.saveur.com/article/Recipes/Classic-Dry-Fry-Green-Bean/;500
https://www.saveur.com/article/recipes/coupe-deville-cocktail/;500
https://www.saveur.com/article/recipes/lime-bars/;500
https://www.saveur.com/article/Recipes/Puchero-Pork-Beef-and-Chicken-Soup/;500
https://www.saveur.com/gallery/easy-does-it-how-to-sear-duck-breast/;500
https://www.saveur.com/article/recipes/chocolate-dipped-pistachio-florentines/;500
https://www.saveur.com/article/travels/floridas-citrus-stands/;500
https://www.saveur.com/article/travels/cwmcerrig-farm-shop/;500
https://www.saveur.com/article/blog/mixstrology-capricorn/;500
https://www.saveur.com/article/kitchen/the-dish-snowed-in/;500
https://www.saveur.com/article/menu/menu-brunch-on-new-years-day/;500
https://www.saveur.com/article/Recipes/shrimp-and-herb-canapes/;500
https://www.saveur.com/article/recipes/liz-smiths-biscuits/;500
https://www.saveur.com/article/Recipes/Broccoli-with-Garlic-and-Hot-Pepper-Broccoli-Strascinati/;500
https://www.saveur.com/article/Recipes/Fried-Almond-Pastries/;500
https://www.saveur.com/article/Recipes/Dried-Lemon-Zest/;500
https://www.saveur.com/article/Recipes/Sweet-Potato-Fries/;500
https://www.saveur.com/article/recipes/the-spice-trade-cocktail/;500
https://www.saveur.com/article/Recipes/Escabeche-De-Cebolla--Yucatecan-Pickled-Red-Onions/;500
https://www.saveur.com/article/wine-and-drink/drink-this-now-shackleton-whisky/;500
https://www.saveur.com/article/one-good-find/one-good-find-surryano-ham/;500
https://www.saveur.com/article/recipes/pressure-cooker-chicken-stock/;500
https://www.saveur.com/article/blog/weekend-reading-020714/;500
https://www.saveur.com/article/kitchen/portuguese-cheese/;500
https://www.saveur.com/20-years-of-saveur-robert-nelson/;500
https://www.saveur.com/article/recipes/the-pekel/;500
https://www.saveur.com/article/recipes/horsecar/;500
https://www.saveur.com/article/recipes/gulai-masin-kepala-ikan-padang-style-red-snapper-curry/;500
https://www.saveur.com/article/recipes/make-your-own-kale-chips/;500
https://www.saveur.com/article/recipes/arlenes-coffee-cake/;500
https://www.saveur.com/article/kitchen/born-on-the-bayou/;500
https://www.saveur.com/article/Kitchen/Fabled-Feta/;500
https://www.saveur.com/article/kitchen/eight-top-tins/;500
https://www.saveur.com/gallery/recipes-from-issue-164-the-seafood-issue/;500
https://www.saveur.com/article/kitchen/how-to-choose-a-cut-of-fish/;500
https://www.saveur.com/article/recipes/salmon-dip/;500
https://www.saveur.com/article/recipes/pan-seared-cod-with-spring-vegetables/;500
https://www.saveur.com/article/Recipes/Harissa/;500
https://www.saveur.com/article/recipes/poulet-grille-au-gingembre-grilled-chicken-with-ginger/;500
https://www.saveur.com/gallery/easy-barbecue-mains/;500
https://www.saveur.com/article/recipes/italian-sidecar-cocktail/;500
https://www.saveur.com/article/recipes/pandan-chiffon-cake/;500
https://www.saveur.com/article/recipes/the-riccioni-nocino-manhattan-cocktail/;500
https://www.saveur.com/may-2014-most-popular-recipes/;500
https://www.saveur.com/gallery/Veggie-Burgers/;500
https://www.saveur.com/article/recipes/aamba-khatta-sweet-and-sour-mango-pickle/;500
https://www.saveur.com/article/recipes/naan-indian-leavened-flatbread/;500
https://www.saveur.com/article/recipes/nimbu-ka-sharbat-north-indian-spiced-limeade/;500
https://www.saveur.com/gallery/Horchata/;500
https://www.saveur.com/article/recipes/kachi-yakhni-biryani-hyderabadi-style-steamed-chicken-and-rice/;500
https://www.saveur.com/article/menu/menu-a-1994-dinner-party/;500
https://www.saveur.com/gallery/sweet-and-savory-stone-fruit-recipes/;500
https://www.saveur.com/article/blog/weekend-reading-090714/;500
https://www.saveur.com/article/recipes/the-saint-white-wine-cocktail/;500
https://www.saveur.com/article/recipes/bouchon-bistro-sweet-potato-puree/;500
https://www.saveur.com/article/Recipes/Pizza-del-Papa-Butternut-Squash-and-Smoked-Mozzarella-Pizza/;500
https://www.saveur.com/article/kitchen/best-lebanese-cookbooks/;500
https://www.saveur.com/article/products/saveur-selects-november-2014/;500
https://www.saveur.com/article/Video/VIDEO-How-to-Weave-a-Lattice-Top-for-Pies/;500
https://www.saveur.com/gallery/2014-gift-guide-tabletop/;500
https://www.saveur.com/article/products/cook-with-a-pizza-stone/;500
https://www.saveur.com/article/recipes/tofu-long-bean-and-crispy-shallot-salad/;500
https://www.saveur.com/article/recipes/braised-cabbage-with-slab-bacon/;500
https://www.saveur.com/gallery/the-new-diy-pantry/;500
https://www.saveur.com/article/recipes/cilantro-bud-hot-sauce-hmong/;500
https://www.saveur.com/ginger-lingonberry-cake/;500
https://www.saveur.com/article/recipes/immersion-gin-and-tonic/;500
https://www.saveur.com/article/recipes/bucatini-ai-frutti-di-mare-seafood-pasta/;500
https://www.saveur.com/shrimp-and-grits-recipe/;500
https://www.saveur.com/article/blog/what-we-found-while-cleaning-out-the-saveur-liquor-cabinet/;500
https://www.saveur.com/article/recipes/smoked-yogurt/;500
https://www.saveur.com/article/blog/portraits-from-the-new-south/;500
https://www.saveur.com/article/recipes/april-bloomfields-roasted-carrots-with-carrot-top-pesto-and-burrata/;500
https://www.saveur.com/article/recipes/spinach-and-edamame-egg-drop-soup/;500
https://www.saveur.com/article/blog/mario-carbones-guide-to-hong-kong/;500
https://www.saveur.com/gallery/2015-blog-awards-best-home-style-design-coverage/;500
https://www.saveur.com/article/blog/new-orleans-set-ups/;500
https://www.saveur.com/gallery/2015-blog-awards-best-beer-blog-finalists/;500
https://www.saveur.com/article/guides/travel-guide-san-francisco/;500
https://www.saveur.com/article/recipes/whole-grilled-sea-bass/;500
https://www.saveur.com/article/blog/5-to-know-jose-enriques-san-juan-puerto-rico/;500
https://www.saveur.com/cilantro-mojo/;500
https://www.saveur.com/article/blog/thoroughly-modern-michael-how-a-new-york-chef-hopes-to-redefine-museum-restaurants/;500
https://www.saveur.com/salsa-fresca/;500
https://www.saveur.com/article/recipes/pizza-with-ramps-and-morels/;500
https://www.saveur.com/pizzelle-waffle-cones-recipe/;500
https://www.saveur.com/green-hummus/;500
https://www.saveur.com/buttermilk-cookie-salad/;500
https://www.saveur.com/middle-somewhere/;500
https://www.saveur.com/tenth-degree-mario-batali-1/;500
https://www.saveur.com/fathers-day-collection-our-favorite-stories-about-dad/;500
https://www.saveur.com/5-know-new-yorks-unsung-pastries/;500
https://www.saveur.com/video-basics-how-prep-artichoke/;500
https://www.saveur.com/menu-rose-picnic/;500
https://www.saveur.com/natural-rose-wine/;500
https://www.saveur.com/gallery/Ice-Cream-Toppings/;500
https://www.saveur.com/behind-recipe-joanne-chang-mint-chocolate-ice-cream-sandwiches/;500
https://www.saveur.com/perfect-hot-dog/;500
https://www.saveur.com/ask-test-kitchen-grilling/;500
https://www.saveur.com/video-how-cut-mango/;500
https://www.saveur.com/travel-guide-rome/;500
https://www.saveur.com/behind-recipe-marc-vetri-corn-fettuccine-pasta/;500
https://www.saveur.com/article/Recipes/Apple-Crumble-with-Hot-Custard/;500
https://www.saveur.com/faridehs-simple-weeknight-meal-scallops-with-avocado-mashed-potatoes/;500
https://www.saveur.com/gribenes-modern-jewish/;500
https://www.saveur.com/gallery/Manhattan-Cocktail-Recipes/;500
https://www.saveur.com/portuguese-salt-cod-egg-potato-baked-casserole-recipe/;500
https://www.saveur.com/how-to-make-portuguese-salt-cod-george-mendes/;500
https://www.saveur.com/beef-broth-with-liver-dumplings-and-saffron/;500
https://www.saveur.com/pinon-coffee-beans-new-mexico/;500
https://www.saveur.com/cookies-coffee-shortbread-biscotti/;500
https://www.saveur.com/roast-pork-recipes/;500
https://www.saveur.com/cornbread-financiers-recipe/;500
https://www.saveur.com/easy-roast-apples-dessert/;500
https://www.saveur.com/fonio-pilaf-with-dates-carrots-and-peanuts-recipe/;500
https://www.saveur.com/magnus-nilsson-nordic-cookbook-saveur-dinner/;500
https://www.saveur.com/pate-en-croute/;500
https://www.saveur.com/cold-yogurt-soup-with-herbs-and-chickpeas-recipe/;500
https://www.saveur.com/duck-borscht-with-fermented-tomato-sauce-recipe/;500
https://www.saveur.com/pelmeni-pork-dumpling-soup-recipe/;500
https://www.saveur.com/wine-gift-guide/;500
https://www.saveur.com/curried-beef-stew-with-fried-shallots-and-peanuts-recipe/;500
https://www.saveur.com/commanders-palace-saveur-supper/;500
https://www.saveur.com/tea-gift-guide/;500
https://www.saveur.com/persimmons-graham-cracker-dessert/;500
https://www.saveur.com/michael-solomonov-israeli-feast-and-restaurant-guide/;500
https://www.saveur.com/hungarian-braised-beef-with-paprika-porkolt-recipe/;500
https://www.saveur.com/dan-kluger-celery-root-apple-salad-recipe/;500
https://www.saveur.com/improved-roast-chicken-recipe/;500
https://www.saveur.com/fermented-raspberry-soda-recipe/;500
https://www.saveur.com/saveur-100-2016-best-new-restaurants/;500
https://www.saveur.com/pork-cabbage-potstickers-dumplings-recipe/;500
https://www.saveur.com/chinese-new-year-nian-gao/;500
https://www.saveur.com/grapefruit-gin-sour-cocktail-recipe/;500
https://www.saveur.com/irish-st-patricks-day-recipes/;500
https://www.saveur.com/beet-recipes-salad-roasted/;500
https://www.saveur.com/jonathon-sawyer-italian-cheese-dumplings-strangolapreti/;500
https://www.saveur.com/dill-recipes-sauce-fish/;500
https://www.saveur.com/basil-martini-cocktail-recipe/;500
https://www.saveur.com/caramelized-apple-omelet-recipe/;500
https://www.saveur.com/new-jersey-pork-roll-taylor-ham-debate/;500
https://www.saveur.com/best-global-hot-sauces/;500
https://www.saveur.com/norwegian-gjetost-cheese-dessert/;500
https://www.saveur.com/filipino-spring-rolls-lumpia-recipe/;500
https://www.saveur.com/peach-cobbler-recipe/;500
https://www.saveur.com/turkish-lamb-manti-dumplings-recipe/;500
https://www.saveur.com/little-jolt-rub-recipe/;500
https://www.saveur.com/spearfisher-dinner/;500
https://www.saveur.com/perfect-cracked-soft-boiled-egg-toppers-tools/;500
https://www.saveur.com/what-to-make-this-weekend-deconstructing-the-dog-days/;500
https://www.saveur.com/tokyo-tsukiji-market-move-delayed/;500
https://www.saveur.com/sean-sherman-sioux-chef/;500
https://www.saveur.com/30-minute-soup-recipes/;500
https://www.saveur.com/ultimate-pigs-blanket-recipe/;500
https://www.saveur.com/blog-awards-2016-winners/;500
https://www.saveur.com/valerie-gordon-dessert-detective-french-cream-pie-ships/;500
https://www.saveur.com/how-to-make-sourdough-starter/;500
https://www.saveur.com/braised-vegetable-recipes/;500
https://www.saveur.com/sweet-potato-gnocchi-gluten-free/;500
https://www.saveur.com/green-chile-enchildas-david-tanis/;500
https://www.saveur.com/cooking-with-beer-recipes/;500
https://www.saveur.com/cranberry-ricotta-crostini-recipe/;500
https://www.saveur.com/korean-pork-belly-stir-fry-recipe/;500
https://www.saveur.com/spain-paella-vallencia-recipes/;500
https://www.saveur.com/greek-bougatsan/;500
https://www.saveur.com/best-baking-spices-ingredients/;500
https://www.saveur.com/spicy-seafood-soup-ginger-recipe/;500
https://www.saveur.com/spicy-hot-chocolate-recipe/;500
https://www.saveur.com/last-minute-christmas-recipes/;500
https://www.saveur.com/how-americas-finest-caviar-gets-made/;500
https://www.saveur.com/shibuya-honey-toast-dessert-recipe/;500
https://www.saveur.com/dominique-ansel-french-pastry-pronunciation/;500
https://www.saveur.com/essential-vietnamese-recipes/;500
https://www.saveur.com/modern-vietnamese-pantry-ingredients/;500
https://www.saveur.com/fonio-pilaf/;500
https://www.saveur.com/video-what-is-pu-erh-tea/;500
https://www.saveur.com/roasted-sunchokes-with-potatoes-mushrooms-recipe/;500
https://www.saveur.com/pizzaful-protest/;500
https://www.saveur.com/ugly-french-recipes/;500
https://www.saveur.com/best-design-decor-instagrams/;500
https://www.saveur.com/international-womens-day/;500
https://www.saveur.com/mortadella-and-fontina-slab-pie-recipe/;500
https://www.saveur.com/easy-banana-cream-pie/;500
https://www.saveur.com/ch-ch-ch-chia/;500
https://www.saveur.com/easy-radish-salad/;500
https://www.saveur.com/best-midwestern-recipes/;500
https://www.saveur.com/food-photography-history/;500
https://www.saveur.com/marinated-perilla-leaves-recipe/;500
https://www.saveur.com/james-beard-chinese-jue-let/;500
https://www.saveur.com/fresh-honeycomb/;500
https://www.saveur.com/baked-alaska-recipe/;500
https://www.saveur.com/what-to-cook-in-june-2017/;500
https://www.saveur.com/best-new-zealand-snack-food/;500
https://www.saveur.com/swale-floating-forest-foraging/;500
https://www.saveur.com/best-asian-salad-recipes/;500
https://www.saveur.com/best-whole-grain-recipes/;500
https://www.saveur.com/best-vegetarian-pasta-recipes/;500
https://www.saveur.com/farmers-market-funding-2018/;500
https://www.saveur.com/nasa-groceries-space-station/;500
https://www.saveur.com/cookbook-club-madhur-jaffrey-taste-india-review/;500
https://www.saveur.com/minnesota-finnish-triangle-cheese/;500
https://www.saveur.com/anthony-bourdain-food-hall-cancelled/;500
https://www.saveur.com/spanish-potato-salad-tuna-recipe/;500
https://www.saveur.com/article/Kitchen/Joy-of-Cooking/;500
https://www.saveur.com/brussels-sandwich-mitraillette/;500
https://www.saveur.com/george-steinmetz-travels-the-world/;500
https://www.saveur.com/best-spanish-recipes/;500
https://www.saveur.com/cape-town-wine-farm-drought/;500
https://www.saveur.com/best-pizzoccheri-pasta-in-italy/;500
https://www.saveur.com/grilled-shellfish-recipes/;500
https://www.saveur.com/goat-soup-barbacoa-oaxaca-mexico-breakfast/;500
https://www.saveur.com/freekeh-salad-with-fennel-and-chiles-recipe/;500
https://www.saveur.com/spanish-tapas-recipes/;500
https://www.saveur.com/leche-de-tigre-recipe/;500
https://www.saveur.com/sabores-de-espetada-recipe/;500
https://www.saveur.com/tomatillo-recipes/;500
https://www.saveur.com/summer-farmers-market-vegetable-recipes/;500
https://www.saveur.com/recipes-from-summer-oceans-issue/;500
https://www.saveur.com/roots-of-african-nova-scotian-cuisine/;500
https://www.saveur.com/article/Products/Bamboo-Steamer/;500
https://www.saveur.com/video-how-scale-fish/;500
https://www.saveur.com/article/Recipes/Champignons-a-la-Grecque-Marinated-Mushrooms/;500
https://www.saveur.com/kreuz-markets-roy-perez/;500
https://www.saveur.com/gallery/scenes-from-lebanon/;500
https://www.saveur.com/article/travels/cassie-mcmillion/;500
https://www.saveur.com/goldsmiths-daughter/;500
https://www.saveur.com/mirin-apricot-jam/;500
https://www.saveur.com/gallery/iceland-gallery/;500
https://www.saveur.com/lifestyle/node-1013063/;500
https://www.saveur.com/article/Recipes/Christine-Ferber-Apple-Caramel-Jam/;500
https://www.saveur.com/article/recipes/la-gallega/;500
https://www.saveur.com/article/Kitchen/Southern-Charm-1000085833/;500
https://www.saveur.com/article/recipes/comforting-german-recipes/;500
https://www.saveur.com/article/blog/the-first-time-i-tried-french-fries/;500
https://www.saveur.com/full-windsor-cocktail-recipe/;500
https://www.saveur.com/gallery/kashmir-lake-market-photo-gallery/;500
https://www.saveur.com/article/Kitchen/Nighswander-Morel-Mushrooms/;500
https://www.saveur.com/article/Kitchen/Foolproof-Fettuccine/;500
https://www.saveur.com/article/Travels/Tokyo-Kappabashi-Dori-Kitchen-Town/;500
https://www.saveur.com/article/Recipes/Lefse-with-Herb-Cream-Cheese-and-Smoked-Salmon/;500
https://www.saveur.com/how-to-cook-more-persian-food/;500
https://www.saveur.com/choose-your-own-adventure-raita/;500
https://www.saveur.com/spicy-mashed-vegetable-curry-recipe/;500
https://www.saveur.com/sea-salt-shakerato-recipe/;500
https://www.saveur.com/chef-roy-choi-tv-show-broken-bread/;500
https://www.saveur.com/juneteenth-african-american-chefs/;500
https://www.saveur.com/austrias-culinary-snail-scene-is-making-comeback/;500
https://www.saveur.com/griddled-hazelnut-chocolate-sandwiches-recipe/;500
https://www.saveur.com/article/Recipes/Roasted-Peaches-in-Bourbon-Syrup-with-Smoked-Salt/;500
https://www.saveur.com/amer-picon-nevada/;500
https://www.saveur.com/best-single-use-gadgets/;500
https://www.saveur.com/best-cocktail-jiggers/;500
https://www.saveur.com/best-kitchen-scales/;500
https://www.saveur.com/best-portable-coffee-makers/;500
https://www.saveur.com/best-mixology-kits/;500
https://www.saveur.com/cauliflower-parathas-recipe/;500
https://www.saveur.com/story/recipes/pumpkin-seed-brittle/;500
https://www.saveur.com/story/lifestyle/2019-saveur-edible-gift-guide/;500
https://www.saveur.com/story/drink/2019-saveur-bottles-gift-guide/;500
https://www.saveur.com/madrids-no-frills-bars-are-foodies-secret-portal-to-all-corners-spain/;500
https://www.saveur.com/story/lifestyle/best-pie-weights/;500
https://www.saveur.com/story/recipes/cranberry-lime-pie-with-gingersnap-crust/;500
https://www.saveur.com/gallery/lunar-new-year-recipes/;500
https://www.saveur.com/story/recipes/roasted-duck-with-apples-and-onions/;500
https://www.saveur.com/gallery/canned-tuna-recipes/;500
https://www.saveur.com/story/recipes/toasted-thai-chile-powder/;500
https://www.saveur.com/gallery/fried-desserts/;500
https://www.saveur.com/story/shop/vacuum-sealers/;500
https://www.saveur.com/gallery/french-recipes/;500
https://www.saveur.com/gallery/jelly-jam-recipes/;500
https://www.saveur.com/content/fall-produce-guide-carrots/;500
https://www.saveur.com/content/fall-produce-guide-pears/;500
https://www.saveur.com/story/food/lolo-restaurant-in-san-francisco-mission-district-offers-comfort-during-pandemic/;500
https://www.saveur.com/story/recipes/oven-roasted-atlantic-butterfish-with-fennel-and-tomato/;500
https://www.saveur.com/gallery/step-by-step-guide-to-making-bokit/;500
https://www.saveur.com/story/shop/best-pressure-cookers/;500
https://www.saveur.com/food/lunar-new-year-recipes/;500
https://www.saveur.com/story/food/how-to-make-menestra/;500
https://www.saveur.com/story/recipes/jalapeno-mignonette/;500
https://www.saveur.com/content/spring-produce-guide-carrots/;500
https://www.saveur.com/content/spring-produce-guide-potatoes/;500
https://www.saveur.com/story/recipes/parsi-sambhar-masala/;500
https://www.saveur.com/recipes/japanese-taiwanese-portuguese-chocolate-castella-cake-recipe/;500
https://www.saveur.com/recipes/classic-french-mother-sauces-espagnole-sauce/;500
https://www.saveur.com/shop/best-plastic-wine-glasses/;500
https://www.saveur.com/general-tsos-chicken-recipe/;500
https://www.saveur.com/recipes/gin-gimlet-recipe/;500
https://www.saveur.com/recipes/minty-mocha-cold-brew-coffee-recipe/;500
https://www.saveur.com/gallery/sorbet-recipes/;500
https://www.saveur.com/food/the-pescatarian-asado-reframing-argentinas-native-bounty/;500
https://www.saveur.com/sponsored-post/seven-culinary-gems-across-colorado/;500
https://www.saveur.com/recipes/khao-khluk-kapi-bangkok-rice-with-shrimp-paste-and-sweet-pork-recipe/;500
https://www.saveur.com/shop/best-hand-mixers/;500
https://www.saveur.com/shop/best-canned-tuna-2/;500
https://www.saveur.com/michel-roux-french-onion-soup-recipe/;500
https://www.saveur.com/shop/best-carving-knives/;500
https://www.saveur.com/shop/best-food-steamers/;500
https://www.saveur.com/recipes/meatball-couscous-recipe/;500
https://www.saveur.com/recipes/limonettas-lemon-cookie-recipe/;500
https://www.saveur.com/recipes/classic-alfajores-recipe/;500
https://www.saveur.com/shop/best-peppercorns/;500
https://www.saveur.com/food/peruvian-pantry-staples/;500
https://www.saveur.com/recipes/fish-sauce-pickled-radish-recipe/;500
https://www.saveur.com/food/ukraine-food-relief/;500
https://www.saveur.com/shop/best-kitchenaid-attachments/;500
https://www.saveur.com/food/pierogies-ukraine-support/;500
https://www.saveur.com/food/jacques-pepin-carrot-crepes/;500
https://www.saveur.com/food/food-delivery-hospitality-aapi/;500
https://www.saveur.com/shop/best-grills-prime-deals-2022/;500
https://www.saveur.com/techniques/how-to-use-fresh-herbs/;500
https://www.saveur.com/?p=145166;500
https://www.saveur.com/?p=145455;500